player;nationality;position;team;age;matches;minutes;goals;assists;xg;tm_name_match;market_value_euro;tm_position;last_update;kpi_cost_per_goal;kpi_moneyball
Abner;BRA;Defensor;Juventude;20;19;1318;0;1;0.3;N/A;0.0;N/A;N/A;0.0;0.0
Nicolás Acevedo;URU;Meio-Campista;Bahia;25;32;1690;0;1;1.2;N/A;0.0;N/A;N/A;0.0;0.0
Luciano Acosta;ARG;Meio-Campista;Fluminense;30;16;1199;3;2;3.0;N/A;0.0;N/A;N/A;0.0;0.0
Adriel;BRA;Meio-Campista;Sport Recife;18;5;148;0;0;0.1;N/A;0.0;N/A;N/A;0.0;0.0
Adson;BRA;Atacante;Vasco da Gama;24;10;210;0;0;0.1;N/A;0.0;N/A;N/A;0.0;0.0
Braian Aguirre;ARG;Defensor;Internacional;24;30;2389;1;0;0.8;N/A;0.0;N/A;N/A;0.0;0.0
Carlos Alberto;BRA;Atacante;Sport Recife;22;9;330;0;0;0.5;N/A;0.0;N/A;N/A;0.0;0.0
Yuri Alberto;BRA;Atacante;Corinthians;23;26;2005;10;2;11.2;Yuri Alberto;22000000.0;Centroavante;10/12/2025;2200000.0;10.55
José Aldo;BRA;Meio-Campista;Mirassol;26;30;1369;0;1;1.0;N/A;0.0;N/A;N/A;0.0;0.0
Alesson;BRA;Atacante;Mirassol;25;26;1456;6;5;6.1;N/A;0.0;N/A;N/A;0.0;0.0
Caio Alexandre;BRA;Meio-Campista;Bahia;25;21;1303;0;1;0.3;Caio Alexandre;7000000.0;Volante;10/12/2025;0.0;1.86
Matheus Alexandre;BRA;Defensor;Sport Recife;25;26;1779;0;1;0.4;N/A;0.0;N/A;N/A;0.0;0.0
Alexsander;BRA;Meio-Campista;Atlético Mineiro;21;14;828;1;0;0.7;Alexsander;6000000.0;Volante;10/12/2025;6000000.0;2.83
Alisson;BRA;Meio-Campista;São Paulo;31;31;1960;0;1;1.0;N/A;0.0;N/A;N/A;0.0;0.0
Allan;BRA;Meio-Campista;Palmeiras;20;28;921;2;3;1.4;Allan;10000000.0;Meia Ofensivo;10/12/2025;5000000.0;6.4
Allan;BRA;Meio-Campista;Botafogo (RJ);34;21;965;0;0;0.1;Allan;10000000.0;Meia Ofensivo;10/12/2025;0.0;0.1
Allan;BRA;Meio-Campista;Flamengo;27;13;683;0;0;0.2;Allan;10000000.0;Meia Ofensivo;10/12/2025;0.0;0.2
Allanzinho;BRA;Meio-Campista;Fortaleza;24;9;287;0;2;0.4;N/A;0.0;N/A;N/A;0.0;0.0
Júnior Alonso;PAR;Defensor;Atlético Mineiro;31;31;2610;1;1;0.6;N/A;0.0;N/A;N/A;0.0;0.0
Dyogo Alves;BRA;Goleiro;Flamengo;21;1;90;0;0;0.0;N/A;0.0;N/A;N/A;0.0;0.0
Matheus Alves;BRA;Meio-Campista;São Paulo;19;8;371;0;1;0.3;N/A;0.0;N/A;N/A;0.0;0.0
Francis Amuzu;BEL;Atacante;Grêmio;25;22;1145;4;2;2.1;Francis Amuzu;5000000.0;Ponta Esquerda;10/12/2025;1250000.0;16.2
Felipe Anderson;BRA;Meio-Campista;Palmeiras;31;31;1773;4;2;2.3;N/A;0.0;N/A;N/A;0.0;0.0
Kervin Andrade;VEN;Atacante;Fortaleza;19;7;163;0;1;0.3;N/A;0.0;N/A;N/A;0.0;0.0
André;BRA;Meio-Campista;Corinthians;18;9;315;2;0;0.7;N/A;0.0;N/A;N/A;0.0;0.0
José Andrés Martínez;VEN;Meio-Campista;Corinthians;30;24;1396;1;1;0.6;N/A;0.0;N/A;N/A;0.0;0.0
Wilker Ángel;VEN;Defensor;Juventude;31;18;1423;1;0;0.5;N/A;0.0;N/A;N/A;0.0;0.0
Fabrizio Angileri;ARG;Defensor;Corinthians;30;28;1638;0;0;0.2;N/A;0.0;N/A;N/A;0.0;0.0
Anthoni;BRA;Goleiro;Internacional;23;18;1530;0;0;0.0;N/A;0.0;N/A;N/A;0.0;0.0
Marcos Antônio;BRA;Meio-Campista;São Paulo;24;28;1896;0;4;0.4;Marcos Antônio;9000000.0;Meia Central;10/12/2025;0.0;4.89
Léo Aragão;BRA;Goleiro;Cruzeiro;22;4;334;0;0;0.0;N/A;0.0;N/A;N/A;0.0;0.0
Guilherme Arana;BRA;Defensor;Atlético Mineiro;27;25;1748;1;1;1.9;Guilherme Arana;7000000.0;Lateral Esq.;10/12/2025;7000000.0;5.57
Willian Arão;BRA;Meio-Campista;Santos;32;13;779;0;0;0.3;N/A;0.0;N/A;N/A;0.0;0.0
Luiz Araújo;BRA;Atacante;Flamengo;28;35;1765;7;3;3.5;Luiz Araújo;7000000.0;Ponta Direita;10/12/2025;1000000.0;19.29
Matheus Araújo;BRA;Meio-Campista;Ceará;22;11;270;1;1;0.5;N/A;0.0;N/A;N/A;0.0;0.0
Michel Araujo;URU;Meio-Campista;Bahia;28;24;852;4;1;1.3;N/A;0.0;N/A;N/A;0.0;0.0
Alexander Aravena;CHI;Atacante;Grêmio;22;22;581;3;0;3.7;N/A;0.0;N/A;N/A;0.0;0.0
Robert Arboleda;ECU;Defensor;São Paulo;33;24;2057;3;0;1.6;N/A;0.0;N/A;N/A;0.0;0.0
Lucas Arcanjo;BRA;Goleiro;Vitória;26;29;2545;0;0;0.0;N/A;0.0;N/A;N/A;0.0;0.0
Matias Arezo;URU;Atacante;Grêmio;22;8;268;1;1;0.9;N/A;0.0;N/A;N/A;0.0;0.0
Jhon Arias;COL;Atacante;Fluminense;27;12;1079;1;4;2.2;N/A;0.0;N/A;N/A;0.0;0.0
Santiago Arias;COL;Defensor;Bahia;33;21;1419;0;0;0.5;N/A;0.0;N/A;N/A;0.0;0.0
Keny Arroyo;ECU;Atacante;Cruzeiro;18;13;646;2;1;2.0;Keny Arroyo;9000000.0;Ponta Direita;10/12/2025;4500000.0;5.56
Arthur;BRA;Atacante;Sport Recife;21;6;200;0;0;0.3;Artur;7000000.0;Ponta Direita;10/12/2025;0.0;0.43
Artur;BRA;Atacante;Botafogo (RJ);26;28;1917;5;4;5.1;Artur;7000000.0;Ponta Direita;10/12/2025;1400000.0;20.14
Rodrigo Atencio;ARG;Meio-Campista;Sport Recife;22;19;544;0;0;1.0;N/A;0.0;N/A;N/A;0.0;0.0
Loide Augusto;ANG;Atacante;Vasco da Gama;24;10;192;0;0;0.4;N/A;0.0;N/A;N/A;0.0;0.0
Leo Augusto Pereira;BRA;Atacante;Vitória;24;6;166;0;0;0.1;N/A;0.0;N/A;N/A;0.0;0.0
Leo Augusto Pereira;BRA;Atacante;Sport Recife;24;16;1108;3;1;2.7;N/A;0.0;N/A;N/A;0.0;0.0
Renato Augusto;BRA;Meio-Campista;Fluminense;36;2;20;0;0;0.0;N/A;0.0;N/A;N/A;0.0;0.0
Gastón Ávila;ARG;Defensor;Fortaleza;23;27;2321;0;0;0.9;N/A;0.0;N/A;N/A;0.0;0.0
Aylon;BRA;Atacante;Ceará;32;23;792;2;0;2.9;N/A;0.0;N/A;N/A;0.0;0.0
Matheus Babi;BRA;Atacante;Juventude;27;20;478;2;0;2.5;N/A;0.0;N/A;N/A;0.0;0.0
Bahia;BRA;Meio-Campista;Corinthians;19;2;49;0;0;0.2;N/A;0.0;N/A;N/A;0.0;0.0
Gabriel Bahia;BRA;Defensor;Botafogo (RJ);26;4;236;0;0;0.0;N/A;0.0;N/A;N/A;0.0;0.0
Matheus Bahia;BRA;Defensor;Ceará;25;28;2462;0;1;0.4;N/A;0.0;N/A;N/A;0.0;0.0
Fabián Balbuena;PAR;Defensor;Grêmio;33;3;225;1;0;0.1;N/A;0.0;N/A;N/A;0.0;0.0
Gabriel Baralhas;BRA;Meio-Campista;Vitória;26;28;2276;2;1;2.2;N/A;0.0;N/A;N/A;0.0;0.0
Danilo Barbosa;BRA;Defensor;Botafogo (RJ);28;3;39;0;0;0.0;N/A;0.0;N/A;N/A;0.0;0.0
Diogo Barbosa;BRA;Defensor;Fortaleza;32;19;1239;1;0;0.7;N/A;0.0;N/A;N/A;0.0;0.0
Gabriel Barbosa;BRA;Atacante;Cruzeiro;28;30;1083;6;2;5.6;N/A;0.0;N/A;N/A;0.0;0.0
Lucas Barbosa;BRA;Atacante;RB Bragantino;23;34;2330;4;3;6.0;N/A;0.0;N/A;N/A;0.0;0.0
Alexander Barboza;ARG;Defensor;Botafogo (RJ);29;24;2147;0;0;1.1;N/A;0.0;N/A;N/A;0.0;0.0
Adam Bareiro;PAR;Atacante;Fortaleza;28;21;886;7;2;6.5;N/A;0.0;N/A;N/A;0.0;0.0
Chrystian Barletta;BRA;Atacante;Sport Recife;23;34;1499;2;0;3.8;N/A;0.0;N/A;N/A;0.0;0.0
Álvaro Barreal;ARG;Atacante;Santos;24;34;2239;9;1;7.0;Álvaro Barreal;7000000.0;Ponta Esquerda;10/12/2025;777777.78;24.29
Jordan Barrera;COL;Atacante;Botafogo (RJ);18;6;307;1;0;0.9;N/A;0.0;N/A;N/A;0.0;0.0
Cauan Barros;BRA;Meio-Campista;Vasco da Gama;20;17;1340;1;0;1.3;N/A;0.0;N/A;N/A;0.0;0.0
Enmerson Batalla;COL;Atacante;Juventude;23;22;1318;4;2;1.4;N/A;0.0;N/A;N/A;0.0;0.0
Paulo Baya;BRA;Atacante;Ceará;25;15;436;0;0;0.7;N/A;0.0;N/A;N/A;0.0;0.0
Paulo Baya;BRA;Meio-Campista;Fluminense;25;4;38;1;1;0.0;N/A;0.0;N/A;N/A;0.0;0.0
José Luis Rodríguez Bebanz;URU;Defensor;Vasco da Gama;27;25;1446;2;2;1.1;N/A;0.0;N/A;N/A;0.0;0.0
Erick Belé;BRA;Meio-Campista;Palmeiras;18;2;24;0;0;0.0;N/A;0.0;N/A;N/A;0.0;0.0
Luis Benedetti;BRA;Defensor;Palmeiras;18;5;377;1;0;0.9;N/A;0.0;N/A;N/A;0.0;0.0
Alan Benítez;PAR;Defensor;Internacional;31;11;550;0;0;0.7;N/A;0.0;N/A;N/A;0.0;0.0
Alexandro Bernabei;ARG;Defensor;Internacional;24;30;2579;0;4;1.4;Alexandro Bernabei;6000000.0;Lateral Esq.;10/12/2025;0.0;9.0
Facundo Bernal;URU;Meio-Campista;Fluminense;21;22;1037;0;0;0.5;Facundo Bernal;6000000.0;Volante;10/12/2025;0.0;0.83
Bernard;BRA;Meio-Campista;Atlético Mineiro;32;30;1210;1;1;2.3;N/A;0.0;N/A;N/A;0.0;0.0
Bernardo;BRA;Defensor;Juventude;19;1;45;0;0;0.0;N/A;0.0;N/A;N/A;0.0;0.0
Matheus Bianqui;BRA;Meio-Campista;Mirassol;27;13;147;0;0;1.1;N/A;0.0;N/A;N/A;0.0;0.0
Matheus Bidu;BRA;Defensor;Corinthians;25;26;1965;0;2;1.1;N/A;0.0;N/A;N/A;0.0;0.0
Biel;BRA;Atacante;Atlético Mineiro;23;17;595;1;2;1.8;N/A;0.0;N/A;N/A;0.0;0.0
Rafael Bilu;BRA;Atacante;Juventude;25;15;688;1;0;0.6;N/A;0.0;N/A;N/A;0.0;0.0
Damián Bobadilla;PAR;Meio-Campista;São Paulo;23;31;2100;4;2;3.1;N/A;0.0;N/A;N/A;0.0;0.0
Yannick Bolasie;COD;Atacante;Cruzeiro;35;18;177;0;1;0.5;N/A;0.0;N/A;N/A;0.0;0.0
Gabriel Bontempo;BRA;Meio-Campista;Santos;20;25;997;2;1;1.7;N/A;0.0;N/A;N/A;0.0;0.0
Thiago Borbas;URU;Atacante;RB Bragantino;22;19;580;1;1;1.9;N/A;0.0;N/A;N/A;0.0;0.0
Daniel Borges;BRA;Defensor;Mirassol;31;16;904;2;2;0.4;N/A;0.0;N/A;N/A;0.0;0.0
Marllon Borges;BRA;Defensor;Ceará;32;25;2083;2;0;0.6;N/A;0.0;N/A;N/A;0.0;0.0
Pedro Borges;BRA;Meio-Campista;Fortaleza;27;1;37;0;0;0.0;N/A;0.0;N/A;N/A;0.0;0.0
Pedro Borges;BRA;Meio-Campista;Sport Recife;27;13;508;0;0;0.2;N/A;0.0;N/A;N/A;0.0;0.0
Rafael Borré;COL;Atacante;Internacional;29;30;1809;5;2;8.1;N/A;0.0;N/A;N/A;0.0;0.0
Lucas Braga;BRA;Atacante;Vitória;28;21;968;1;0;1.9;N/A;0.0;N/A;N/A;0.0;0.0
Bilal Brahimi;ALG;Atacante;Santos;24;1;21;0;0;0.0;N/A;0.0;N/A;N/A;0.0;0.0
Martin Braithwaite;DEN;Atacante;Grêmio;33;18;1456;6;1;6.1;N/A;0.0;N/A;N/A;0.0;0.0
Gabriel Brazão;BRA;Goleiro;Santos;24;38;3397;0;0;0.0;Gabriel Brazão;11000000.0;Goleiro;10/12/2025;0.0;0.0
Brenno;BRA;Goleiro;Fortaleza;25;15;1350;0;0;0.0;N/A;0.0;N/A;N/A;0.0;0.0
Breno;BRA;Atacante;Fortaleza;29;32;2280;6;3;5.4;N/A;0.0;N/A;N/A;0.0;0.0
Breno;BRA;Meio-Campista;Corinthians;19;33;2522;1;1;0.9;N/A;0.0;N/A;N/A;0.0;0.0
Emanuel Brítez;ARG;Defensor;Fortaleza;32;18;1597;0;1;0.5;N/A;0.0;N/A;N/A;0.0;0.0
Bruninho;BRA;Meio-Campista;Fortaleza;19;1;68;0;0;0.0;N/A;0.0;N/A;N/A;0.0;0.0
Fabrício Bruno;BRA;Defensor;Cruzeiro;28;33;2950;3;0;1.3;Fabrício Bruno;12000000.0;Zagueiro;10/12/2025;4000000.0;3.58
Gustavo Caballero;PAR;Atacante;Santos;23;12;332;1;1;1.0;N/A;0.0;N/A;N/A;0.0;0.0
Arthur Cabral;BRA;Atacante;Botafogo (RJ);26;21;1439;4;2;5.1;Arthur Cabral;9000000.0;Centroavante;10/12/2025;2250000.0;12.33
Cacá;BRA;Defensor;Corinthians;25;18;1408;2;0;1.1;N/A;0.0;N/A;N/A;0.0;0.0
Raúl Cáceres;PAR;Defensor;Vitória;33;20;1685;2;2;1.0;N/A;0.0;N/A;N/A;0.0;0.0
Cadu;BRA;Defensor;Atlético Mineiro;20;1;7;0;0;0.2;N/A;0.0;N/A;N/A;0.0;0.0
Calebe;BRA;Meio-Campista;Fortaleza;24;7;229;1;0;0.5;N/A;0.0;N/A;N/A;0.0;0.0
Jonathan Calleri;ARG;Atacante;São Paulo;31;3;121;0;0;0.9;N/A;0.0;N/A;N/A;0.0;0.0
João Camargo;BRA;Atacante;Flamengo;17;1;18;0;0;0.0;N/A;0.0;N/A;N/A;0.0;0.0
Camilo;BRA;Meio-Campista;Grêmio;25;16;735;0;0;0.2;N/A;0.0;N/A;N/A;0.0;0.0
Camutanga;BRA;Defensor;Vitória;31;15;1238;0;0;0.3;N/A;0.0;N/A;N/A;0.0;0.0
Luan Cândido;BRA;Defensor;Sport Recife;23;16;1318;1;0;1.2;N/A;0.0;N/A;N/A;0.0;0.0
Germán Cano;ARG;Atacante;Fluminense;36;22;1498;6;0;5.2;N/A;0.0;N/A;N/A;0.0;0.0
Agustín Canobbio;URU;Atacante;Fluminense;26;30;2108;4;2;5.8;Agustín Canobbio;6000000.0;Ponta Esquerda;10/12/2025;1500000.0;19.67
Aitor Cantalapiedra;ESP;Meio-Campista;Vitória;28;19;1275;3;3;2.9;N/A;0.0;N/A;N/A;0.0;0.0
Juninho Capixaba;BRA;Defensor;RB Bragantino;27;24;1972;1;1;2.4;N/A;0.0;N/A;N/A;0.0;0.0
Johan Carbonero;COL;Atacante;Internacional;25;23;1457;5;2;4.6;N/A;0.0;N/A;N/A;0.0;0.0
Felipe Cardoso;BRA;Atacante;Vitória;21;3;78;0;0;0.1;N/A;0.0;N/A;N/A;0.0;0.0
Edson Carioca;BRA;Atacante;Mirassol;27;21;1168;4;2;3.7;N/A;0.0;N/A;N/A;0.0;0.0
Igor Cariús;BRA;Defensor;Sport Recife;31;28;1726;1;0;1.1;N/A;0.0;N/A;N/A;0.0;0.0
Carlinhos;BRA;Atacante;Vitória;27;6;165;1;0;1.5;N/A;0.0;N/A;N/A;0.0;0.0
Antonio Carlos;BRA;Defensor;Sport Recife;31;3;270;0;0;0.0;Marcos Antônio;9000000.0;Meia Central;10/12/2025;0.0;0.0
Jean Carlos Vicente;BRA;Meio-Campista;Juventude;32;7;203;0;0;0.2;N/A;0.0;N/A;N/A;0.0;0.0
Ruan Carneiro;BRA;Goleiro;Juventude;34;4;360;0;0;0.0;N/A;0.0;N/A;N/A;0.0;0.0
Jorge Carrascal;COL;Atacante;Flamengo;26;16;821;2;5;2.3;Jorge Carrascal;9000000.0;Meia Ofensivo;10/12/2025;4500000.0;10.33
André Carrillo;PER;Meio-Campista;Corinthians;33;22;1279;1;0;1.1;N/A;0.0;N/A;N/A;0.0;0.0
Gabriel Carvalho;BRA;Atacante;Internacional;17;3;72;0;0;0.1;N/A;0.0;N/A;N/A;0.0;0.0
Cássio;BRA;Goleiro;Cruzeiro;37;35;3086;0;0;0.0;N/A;0.0;N/A;N/A;0.0;0.0
Iury de Castilho;BRA;Atacante;Mirassol;29;9;499;1;0;1.5;N/A;0.0;N/A;N/A;0.0;0.0
Caue;BRA;Defensor;RB Bragantino;18;2;41;0;1;0.0;N/A;0.0;N/A;N/A;0.0;0.0
Murilo Cerqueira;BRA;Defensor;Palmeiras;27;20;1660;1;1;0.6;N/A;0.0;N/A;N/A;0.0;0.0
Julio Cesar;BRA;Defensor;Fluminense;18;3;176;0;1;0.3;N/A;0.0;N/A;N/A;0.0;0.0
Kayky Chagas;BRA;Atacante;Bahia;21;26;890;1;2;1.4;N/A;0.0;N/A;N/A;0.0;0.0
Gabriel Chapecó;BRA;Goleiro;Grêmio;24;6;540;0;0;0.0;N/A;0.0;N/A;N/A;0.0;0.0
Chico;BRA;Meio-Campista;Mirassol;33;13;349;1;1;0.4;N/A;0.0;N/A;N/A;0.0;0.0
Chico;BRA;Defensor;Sport Recife;26;13;1060;0;0;0.5;N/A;0.0;N/A;N/A;0.0;0.0
Christian;BRA;Atacante;Cruzeiro;24;30;2357;5;2;5.8;Christian;10000000.0;Meia Central;10/12/2025;2000000.0;12.8
Cipriano;BRA;Defensor;Juventude;22;3;189;0;0;0.0;N/A;0.0;N/A;N/A;0.0;0.0
Claudinho;BRA;Defensor;Vitória;24;15;901;0;0;0.5;N/A;0.0;N/A;N/A;0.0;0.0
Clayson;BRA;Atacante;Mirassol;29;6;256;0;1;0.1;N/A;0.0;N/A;N/A;0.0;0.0
Clayton;BRA;Defensor;Internacional;24;11;762;0;0;0.3;N/A;0.0;N/A;N/A;0.0;0.0
Cleiton;BRA;Defensor;Flamengo;21;2;79;0;0;0.0;N/A;0.0;N/A;N/A;0.0;0.0
Mateus Cocão;BRA;Meio-Campista;Vasco da Gama;22;19;593;0;0;0.2;N/A;0.0;N/A;N/A;0.0;0.0
Igor Coronado;BRA;Meio-Campista;Corinthians;32;6;342;1;0;0.8;N/A;0.0;N/A;N/A;0.0;0.0
Joaquín Correa;ARG;Meio-Campista;Botafogo (RJ);30;18;898;2;0;2.5;N/A;0.0;N/A;N/A;0.0;0.0
Francisco da Costa;BRA;Atacante;Mirassol;29;20;1190;6;0;4.5;N/A;0.0;N/A;N/A;0.0;0.0
Philippe Coutinho;BRA;Meio-Campista;Vasco da Gama;32;30;2403;5;3;4.1;N/A;0.0;N/A;N/A;0.0;0.0
Lucas Crispim;BRA;Meio-Campista;Fortaleza;30;10;424;1;1;0.7;N/A;0.0;N/A;N/A;0.0;0.0
Franco Cristaldo;ARG;Meio-Campista;Grêmio;28;30;1259;1;3;2.2;N/A;0.0;N/A;N/A;0.0;0.0
Gustavo Cuellar;COL;Meio-Campista;Grêmio;32;17;881;0;0;0.2;N/A;0.0;N/A;N/A;0.0;0.0
Tomás Cuello;ARG;Atacante;Atlético Mineiro;24;16;1203;1;1;2.4;Tomás Cuello;6000000.0;Ponta Esquerda;10/12/2025;6000000.0;7.33
Carlos Cuesta;COL;Defensor;Vasco da Gama;25;13;1092;1;0;0.8;Carlos Cuesta;7000000.0;Zagueiro;10/12/2025;7000000.0;2.57
Cuiabano;BRA;Defensor;Botafogo (RJ);21;30;1534;5;2;3.2;N/A;0.0;N/A;N/A;0.0;0.0
Jair Cunha;BRA;Defensor;Botafogo (RJ);19;11;990;0;1;0.5;N/A;0.0;N/A;N/A;0.0;0.0
Lucas Cunha;BRA;Defensor;Sport Recife;28;6;428;0;0;0.0;N/A;0.0;N/A;N/A;0.0;0.0
Danielzinho;BRA;Meio-Campista;Mirassol;30;37;3265;0;2;1.9;N/A;0.0;N/A;N/A;0.0;0.0
Danilo;BRA;Meio-Campista;Botafogo (RJ);23;13;827;1;3;0.7;Danilo;22000000.0;Volante;10/12/2025;22000000.0;2.14
Danilo;BRA;Defensor;Flamengo;33;20;1410;1;1;1.2;Danilo;22000000.0;Volante;10/12/2025;22000000.0;1.45
David;BRA;Atacante;Vasco da Gama;29;24;750;2;3;1.3;N/A;0.0;N/A;N/A;0.0;0.0
Matheus Davó;BRA;Atacante;Mirassol;25;2;35;0;1;0.3;N/A;0.0;N/A;N/A;0.0;0.0
Giorgian De Arrascaeta;URU;Meio-Campista;Flamengo;30;33;2350;18;14;9.8;Giorgian de Arrascaeta;15000000.0;Meia Ofensivo;10/12/2025;833333.33;27.87
Nicolás De La Cruz;URU;Meio-Campista;Flamengo;27;19;1018;0;0;0.7;Nicolás de la Cruz;9000000.0;Meia Central;10/12/2025;0.0;0.78
Gabriel Delfim;BRA;Goleiro;Atlético Mineiro;22;2;180;0;0;0.0;N/A;0.0;N/A;N/A;0.0;0.0
Deyverson;BRA;Atacante;Fortaleza;33;27;1174;7;0;5.9;N/A;0.0;N/A;N/A;0.0;0.0
Enzo Díaz;ARG;Defensor;São Paulo;29;27;1877;0;5;0.4;N/A;0.0;N/A;N/A;0.0;0.0
Lautaro Díaz;ARG;Atacante;Cruzeiro;26;6;85;0;0;0.0;N/A;0.0;N/A;N/A;0.0;0.0
Lautaro Díaz;ARG;Atacante;Santos;26;15;1020;3;2;3.3;N/A;0.0;N/A;N/A;0.0;0.0
Dieguinho Diego;BRA;Meio-Campista;Ceará;29;32;2653;0;2;0.5;N/A;0.0;N/A;N/A;0.0;0.0
Dieguinho;BRA;Atacante;Corinthians;17;13;451;0;1;0.7;Rodriguinho;6000000.0;Meia Ofensivo;10/12/2025;0.0;2.83
Diogenes;BRA;Goleiro;Santos;24;1;23;0;0;0.0;N/A;0.0;N/A;N/A;0.0;0.0
Dodi;BRA;Meio-Campista;Grêmio;28;32;2343;0;1;0.6;N/A;0.0;N/A;N/A;0.0;0.0
Fabricio Domínguez;URU;Meio-Campista;Sport Recife;26;4;100;0;0;0.1;N/A;0.0;N/A;N/A;0.0;0.0
Matheus Donelli;BRA;Goleiro;Corinthians;22;5;450;0;0;0.0;N/A;0.0;N/A;N/A;0.0;0.0
Mailton dos Santos;BRA;Defensor;São Paulo;26;8;388;0;0;0.1;N/A;0.0;N/A;N/A;0.0;0.0
Thiago dos Santos;BRA;Meio-Campista;Fluminense;35;10;287;0;0;0.1;N/A;0.0;N/A;N/A;0.0;0.0
Alexis Duarte;PAR;Defensor;Santos;24;5;405;0;0;0.1;N/A;0.0;N/A;N/A;0.0;0.0
David Duarte;BRA;Defensor;Bahia;30;25;2207;1;1;1.7;N/A;0.0;N/A;N/A;0.0;0.0
Dudu;BRA;Atacante;Cruzeiro;33;5;215;1;0;0.6;N/A;0.0;N/A;N/A;0.0;0.0
Dudu;BRA;Meio-Campista;Vitória;25;12;319;0;0;1.5;N/A;0.0;N/A;N/A;0.0;0.0
Dudu;BRA;Meio-Campista;Atlético Mineiro;33;18;1048;3;2;1.7;N/A;0.0;N/A;N/A;0.0;0.0
Edenílson;BRA;Meio-Campista;Grêmio;35;31;1802;3;2;4.2;N/A;0.0;N/A;N/A;0.0;0.0
Eder;BRA;Defensor;Ceará;29;3;270;0;0;0.3;N/A;0.0;N/A;N/A;0.0;0.0
EDU;BRA;Defensor;Vitória;24;20;1074;0;0;0.2;N/A;0.0;N/A;N/A;0.0;0.0
Carlos Eduardo;BRA;Meio-Campista;Cruzeiro;35;29;906;1;0;0.8;N/A;0.0;N/A;N/A;0.0;0.0
Carlos Eduardo;BRA;Atacante;Mirassol;28;24;734;2;5;3.8;N/A;0.0;N/A;N/A;0.0;0.0
Carlos Eduardo;BRA;Atacante;Vitória;28;2;41;0;0;0.0;N/A;0.0;N/A;N/A;0.0;0.0
Alysson Edward;BRA;Atacante;Grêmio;18;31;1718;1;2;3.0;N/A;0.0;N/A;N/A;0.0;0.0
Rodrigo Ely;BRA;Defensor;Grêmio;31;2;40;0;0;0.0;N/A;0.0;N/A;N/A;0.0;0.0
Emerson;BRA;Defensor;Flamengo;26;15;1247;1;1;0.6;N/A;0.0;N/A;N/A;0.0;0.0
Leandro Emmanuel Martínez;ARG;Meio-Campista;Fortaleza;30;14;741;1;1;0.4;N/A;0.0;N/A;N/A;0.0;0.0
Ênio;BRA;Meio-Campista;Juventude;23;26;1108;3;0;2.7;N/A;0.0;N/A;N/A;0.0;0.0
Erick;BRA;Meio-Campista;Bahia;27;16;683;1;0;2.0;N/A;0.0;N/A;N/A;0.0;0.0
Erick;BRA;Meio-Campista;Vitória;27;31;2054;3;5;2.1;N/A;0.0;N/A;N/A;0.0;0.0
Gonzalo Escobar;ARG;Defensor;Santos;27;30;2008;0;0;0.5;N/A;0.0;N/A;N/A;0.0;0.0
Lucas Esteves;BRA;Defensor;Grêmio;24;10;671;0;0;0.1;N/A;0.0;N/A;N/A;0.0;0.0
Guilherme Estrella;BRA;Meio-Campista;Vasco da Gama;19;1;19;0;0;0.0;N/A;0.0;N/A;N/A;0.0;0.0
Lucas Evangelista;BRA;Meio-Campista;Palmeiras;29;19;1046;2;1;1.1;N/A;0.0;N/A;N/A;0.0;0.0
Éverson;BRA;Goleiro;Atlético Mineiro;34;36;3240;0;0;0.0;Gerson;18000000.0;Meia Central;16/12/2025;0.0;0.0
Evertton;BRA;Meio-Campista;Flamengo;21;18;981;1;0;0.3;Everton;7000000.0;Ponta Esquerda;10/12/2025;7000000.0;1.86
Ewerton;BRA;Defensor;Juventude;24;18;1155;1;0;1.5;Everton;7000000.0;Ponta Esquerda;10/12/2025;7000000.0;3.57
Fabinho;BRA;Meio-Campista;RB Bragantino;22;28;1275;0;1;0.4;N/A;0.0;N/A;N/A;0.0;0.0
Fábio;BRA;Goleiro;Fluminense;44;38;3420;0;0;0.0;N/A;0.0;N/A;N/A;0.0;0.0
Fabrício;BRA;Atacante;Mirassol;27;8;301;0;0;0.5;N/A;0.0;N/A;N/A;0.0;0.0
Fabrício;BRA;Atacante;Vitória;24;17;393;0;2;1.0;N/A;0.0;N/A;N/A;0.0;0.0
Fagner;BRA;Defensor;Cruzeiro;35;10;830;0;0;0.1;N/A;0.0;N/A;N/A;0.0;0.0
Marcos Felipe;BRA;Goleiro;Bahia;28;11;972;0;0;0.0;N/A;0.0;N/A;N/A;0.0;0.0
Lucas Fernandes;BRA;Meio-Campista;Juventude;27;7;397;0;0;0.4;N/A;0.0;N/A;N/A;0.0;0.0
Matheus Fernandes;BRA;Meio-Campista;RB Bragantino;26;20;661;1;0;0.4;Matheus França;9000000.0;Meia Ofensivo;10/12/2025;9000000.0;1.56
Nathan Fernandes;BRA;Atacante;Botafogo (RJ);19;10;330;1;2;1.4;N/A;0.0;N/A;N/A;0.0;0.0
Fernandinho;BRA;Atacante;Ceará;27;22;995;0;1;2.2;N/A;0.0;N/A;N/A;0.0;0.0
Fernando;BRA;Meio-Campista;Internacional;37;6;412;0;0;0.4;N/A;0.0;N/A;N/A;0.0;0.0
Fernando;BRA;Atacante;RB Bragantino;25;14;316;0;0;1.2;N/A;0.0;N/A;N/A;0.0;0.0
Nahuel Ferraresi;VEN;Defensor;São Paulo;26;24;1797;0;3;0.5;N/A;0.0;N/A;N/A;0.0;0.0
Ferreira;BRA;Atacante;São Paulo;27;28;1580;5;4;4.5;Ferreirinha;7000000.0;Ponta Esquerda;10/12/2025;1400000.0;19.29
Bruno Ferreira;BRA;Goleiro;Ceará;30;31;2763;0;0;0.0;N/A;0.0;N/A;N/A;0.0;0.0
Lucas Ferreira;BRA;Atacante;São Paulo;18;13;761;0;0;1.1;N/A;0.0;N/A;N/A;0.0;0.0
Luiz Filipe;BRA;Atacante;Mirassol;23;1;14;0;0;0.0;N/A;0.0;N/A;N/A;0.0;0.0
André Filipinho;BRA;Defensor;Juventude;28;5;303;0;0;0.1;N/A;0.0;N/A;N/A;0.0;0.0
Riquelme Fillipi;BRA;Defensor;Palmeiras;18;2;28;0;0;0.1;N/A;0.0;N/A;N/A;0.0;0.0
Caíque França;BRA;Goleiro;Sport Recife;29;15;1350;0;0;0.0;N/A;0.0;N/A;N/A;0.0;0.0
Matheus França;BRA;Meio-Campista;Vasco da Gama;20;15;386;0;0;0.5;Matheus França;9000000.0;Meia Ofensivo;10/12/2025;0.0;0.56
Ryan Francisco;BRA;Atacante;São Paulo;18;8;205;2;0;0.5;Ryan Francisco;6000000.0;Centroavante;10/12/2025;3000000.0;4.17
Alan Franco;ECU;Meio-Campista;Atlético Mineiro;26;30;2628;1;0;0.4;N/A;0.0;N/A;N/A;0.0;0.0
Alan Franco;ARG;Defensor;São Paulo;28;29;2282;0;0;1.1;N/A;0.0;N/A;N/A;0.0;0.0
Luan Freitas;BRA;Defensor;Juventude;24;14;1124;0;1;0.2;N/A;0.0;N/A;N/A;0.0;0.0
Lucas Freitas;BRA;Defensor;Vasco da Gama;24;21;1552;1;0;0.3;N/A;0.0;N/A;N/A;0.0;0.0
Marlon Freitas;BRA;Meio-Campista;Botafogo (RJ);29;35;2924;1;4;1.3;Marlon Freitas;6000000.0;Volante;10/12/2025;6000000.0;10.5
Riquelme Freitas;BRA;Atacante;Grêmio;18;10;388;0;0;0.3;N/A;0.0;N/A;N/A;0.0;0.0
Juan Freytes;ARG;Defensor;Fluminense;25;33;2924;0;0;1.0;N/A;0.0;N/A;N/A;0.0;0.0
Adonis Frías;ARG;Defensor;Santos;26;13;1112;0;0;0.2;N/A;0.0;N/A;N/A;0.0;0.0
Bruno Fuchs;BRA;Defensor;Palmeiras;25;27;1723;2;1;1.2;N/A;0.0;N/A;N/A;0.0;0.0
Gabriel Fuentes;COL;Defensor;Fluminense;27;11;825;0;0;0.2;N/A;0.0;N/A;N/A;0.0;0.0
Daniel Fuzato;BRA;Goleiro;Vasco da Gama;27;3;182;0;0;0.0;N/A;0.0;N/A;N/A;0.0;0.0
Gabriel;BRA;Defensor;Bahia;23;13;948;0;0;0.1;N/A;0.0;N/A;N/A;0.0;0.0
Gabriel;BRA;Meio-Campista;Mirassol;35;25;1592;4;2;3.1;N/A;0.0;N/A;N/A;0.0;0.0
Gabriel;BRA;Goleiro;Vitória;32;1;90;0;0;0.0;N/A;0.0;N/A;N/A;0.0;0.0
Gabriel;BRA;Goleiro;Sport Recife;32;23;2070;0;0;0.0;N/A;0.0;N/A;N/A;0.0;0.0
Gabriel;BRA;Meio-Campista;RB Bragantino;32;33;2634;1;0;0.6;N/A;0.0;N/A;N/A;0.0;0.0
Victor Gabriel;BRA;Defensor;Internacional;20;14;1109;2;0;1.0;N/A;0.0;N/A;N/A;0.0;0.0
Antonio Galeano;PAR;Atacante;Ceará;24;38;3125;7;3;5.2;N/A;0.0;N/A;N/A;0.0;0.0
Emerson Galego;BRA;Atacante;Juventude;25;2;27;0;0;0.0;N/A;0.0;N/A;N/A;0.0;0.0
Mateo Gamarra;PAR;Defensor;Cruzeiro;24;2;154;0;0;0.0;N/A;0.0;N/A;N/A;0.0;0.0
Ganso;BRA;Meio-Campista;Fluminense;35;17;644;1;0;0.6;N/A;0.0;N/A;N/A;0.0;0.0
Maurício Garcez;BRA;Atacante;Juventude;27;3;61;0;0;0.0;N/A;0.0;N/A;N/A;0.0;0.0
Benjamín Garré;ARG;Atacante;Vasco da Gama;24;10;293;0;0;0.1;N/A;0.0;N/A;N/A;0.0;0.0
Rodrigo Garro;ARG;Meio-Campista;Corinthians;27;19;1410;0;3;1.5;Rodrigo Garro;12000000.0;Meia Ofensivo;10/12/2025;0.0;3.75
Lucas Gazal;BRA;Defensor;Fortaleza;25;7;546;0;1;0.4;N/A;0.0;N/A;N/A;0.0;0.0
Gerson;BRA;Atacante;Flamengo;27;9;711;0;2;0.7;Gerson;18000000.0;Meia Central;16/12/2025;0.0;1.5
Agustín Giay;ARG;Defensor;Palmeiras;21;29;1978;0;0;0.4;Agustín Giay;11000000.0;Lateral Dir.;10/12/2025;0.0;0.36
Gil;BRA;Defensor;Santos;37;8;720;0;0;0.4;N/A;0.0;N/A;N/A;0.0;0.0
Gilberto;BRA;Defensor;Bahia;31;23;1777;1;0;1.0;N/A;0.0;N/A;N/A;0.0;0.0
Gilberto;BRA;Atacante;Juventude;35;23;1099;2;2;2.6;N/A;0.0;N/A;N/A;0.0;0.0
Giovanny;BRA;Atacante;Juventude;27;19;653;0;2;1.0;N/A;0.0;N/A;N/A;0.0;0.0
Daniel Giraldo;COL;Meio-Campista;Juventude;32;15;681;0;0;0.0;N/A;0.0;N/A;N/A;0.0;0.0
Leonardo Godoy;ARG;Defensor;Santos;29;6;416;0;0;0.0;N/A;0.0;N/A;N/A;0.0;0.0
Davi Goes;BRA;Meio-Campista;Juventude;19;2;64;0;0;0.0;N/A;0.0;N/A;N/A;0.0;0.0
Johnny Góes;BRA;Defensor;Flamengo;17;1;90;0;1;0.0;N/A;0.0;N/A;N/A;0.0;0.0
Bruno Gomes;BRA;Meio-Campista;Internacional;23;14;981;0;2;0.4;N/A;0.0;N/A;N/A;0.0;0.0
Davi Gomes;BRA;Atacante;RB Bragantino;19;7;221;1;0;0.6;N/A;0.0;N/A;N/A;0.0;0.0
Fredi Gomes;BRA;Defensor;Bahia;18;1;90;0;0;0.0;N/A;0.0;N/A;N/A;0.0;0.0
Igor Gomes;BRA;Meio-Campista;Atlético Mineiro;25;34;1824;4;3;2.5;N/A;0.0;N/A;N/A;0.0;0.0
Carlos Gómez;COL;Atacante;Vasco da Gama;22;16;1028;1;5;2.6;N/A;0.0;N/A;N/A;0.0;0.0
Gustavo Gómez;PAR;Defensor;Palmeiras;31;27;2310;2;1;2.4;N/A;0.0;N/A;N/A;0.0;0.0
Nuno Gonçalo Moreira;POR;Atacante;Vasco da Gama;25;36;2549;7;5;3.9;N/A;0.0;N/A;N/A;0.0;0.0
Matheus Gonçalves;BRA;Atacante;Flamengo;19;4;69;0;0;0.0;N/A;0.0;N/A;N/A;0.0;0.0
Gregore;BRA;Meio-Campista;Botafogo (RJ);30;12;982;0;0;0.2;N/A;0.0;N/A;N/A;0.0;0.0
Guga;BRA;Defensor;Fluminense;26;17;992;1;1;0.1;N/A;0.0;N/A;N/A;0.0;0.0
Guilherme;BRA;Meio-Campista;Mirassol;33;12;539;2;0;1.0;N/A;0.0;N/A;N/A;0.0;0.0
Guilherme;BRA;Atacante;Santos;29;32;2250;4;7;4.9;N/A;0.0;N/A;N/A;0.0;0.0
Guilherme;BRA;Defensor;RB Bragantino;22;11;640;1;1;0.6;N/A;0.0;N/A;N/A;0.0;0.0
Guilherme;BRA;Meio-Campista;Flamengo;18;1;62;2;0;0.4;N/A;0.0;N/A;N/A;0.0;0.0
Ryan Guilherme;BRA;Meio-Campista;Cruzeiro;22;3;56;0;0;0.0;N/A;0.0;N/A;N/A;0.0;0.0
Zé Guilherme;BRA;Defensor;Bahia;19;3;86;0;0;0.1;N/A;0.0;N/A;N/A;0.0;0.0
Gustavinho;BRA;Meio-Campista;RB Bragantino;20;17;741;0;0;1.3;N/A;0.0;N/A;N/A;0.0;0.0
Gustavo;BRA;Goleiro;Juventude;31;10;855;0;0;0.0;N/A;0.0;N/A;N/A;0.0;0.0
Luiz Gustavo;BRA;Meio-Campista;São Paulo;37;12;780;1;0;0.5;N/A;0.0;N/A;N/A;0.0;0.0
Luiz Gustavo;BRA;Defensor;Vasco da Gama;18;5;288;0;0;0.0;N/A;0.0;N/A;N/A;0.0;0.0
Ryan Gustavo;BRA;Meio-Campista;Corinthians;21;16;527;0;0;0.1;N/A;0.0;N/A;N/A;0.0;0.0
Yeison Guzmán;COL;Meio-Campista;Fortaleza;26;5;188;0;0;0.0;N/A;0.0;N/A;N/A;0.0;0.0
Lucas Halter;BRA;Defensor;Vitória;24;33;2904;4;1;3.1;N/A;0.0;N/A;N/A;0.0;0.0
Héctor;ESP;Atacante;Corinthians;29;9;246;1;0;0.5;N/A;0.0;N/A;N/A;0.0;0.0
Henrique;BRA;Atacante;São Paulo;18;3;43;0;1;0.0;N/A;0.0;N/A;N/A;0.0;0.0
Bruno Henrique;BRA;Meio-Campista;Internacional;35;29;1397;2;0;2.5;N/A;0.0;N/A;N/A;0.0;0.0
Bruno Henrique;BRA;Atacante;Flamengo;34;32;1811;8;0;7.2;N/A;0.0;N/A;N/A;0.0;0.0
Dalbert Henrique;BRA;Defensor;Sport Recife;31;5;110;0;0;0.0;N/A;0.0;N/A;N/A;0.0;0.0
Gustavo Henrique;BRA;Defensor;Corinthians;31;23;2070;3;0;2.9;N/A;0.0;N/A;N/A;0.0;0.0
Matheus Henrique;BRA;Meio-Campista;Cruzeiro;27;17;723;0;0;0.2;N/A;0.0;N/A;N/A;0.0;0.0
Paulo Henrique;BRA;Defensor;Vasco da Gama;28;28;2490;1;8;1.9;Paulo Henrique;6000000.0;Lateral Dir.;10/12/2025;6000000.0;18.17
Pedro Henrique;BRA;Atacante;Ceará;34;28;1380;4;3;2.9;N/A;0.0;N/A;N/A;0.0;0.0
Pedro Henrique;BRA;Defensor;RB Bragantino;29;31;2654;1;1;0.8;N/A;0.0;N/A;N/A;0.0;0.0
Hércules;BRA;Meio-Campista;Fluminense;24;34;2160;3;1;1.9;Hércules;12000000.0;Meia Central;10/12/2025;4000000.0;4.92
Diogo Hereda;BRA;Defensor;Sport Recife;26;11;848;0;1;0.2;N/A;0.0;N/A;N/A;0.0;0.0
Marcelo Hermes;BRA;Defensor;Juventude;29;22;1858;2;5;1.1;N/A;0.0;N/A;N/A;0.0;0.0
José Herrera;ARG;Atacante;Fortaleza;21;19;1046;2;3;2.6;N/A;0.0;N/A;N/A;0.0;0.0
Lucca Holanda;BRA;Atacante;Ceará;21;1;12;0;0;0.0;N/A;0.0;N/A;N/A;0.0;0.0
Lucca Holanda;BRA;Atacante;Internacional;21;4;161;0;0;0.5;N/A;0.0;N/A;N/A;0.0;0.0
Hudson;BRA;Meio-Campista;Juventude;24;4;233;0;0;0.0;N/A;0.0;N/A;N/A;0.0;0.0
Hugo;BRA;Defensor;Corinthians;27;10;457;0;0;0.4;N/A;0.0;N/A;N/A;0.0;0.0
Victor Hugo;BRA;Meio-Campista;Santos;20;9;443;0;0;0.4;N/A;0.0;N/A;N/A;0.0;0.0
Victor Hugo;BRA;Defensor;Sport Recife;16;1;61;0;0;0.0;N/A;0.0;N/A;N/A;0.0;0.0
Victor Hugo;BRA;Meio-Campista;Flamengo;20;1;6;0;0;0.0;N/A;0.0;N/A;N/A;0.0;0.0
Vitor Hugo;BRA;Defensor;Atlético Mineiro;33;23;1639;3;0;1.2;N/A;0.0;N/A;N/A;0.0;0.0
Huguinho;BRA;Meio-Campista;Botafogo (RJ);17;1;24;0;0;0.0;N/A;0.0;N/A;N/A;0.0;0.0
Hulk;BRA;Atacante;Atlético Mineiro;38;33;2438;8;6;5.6;N/A;0.0;N/A;N/A;0.0;0.0
José Hurtado;ECU;Defensor;RB Bragantino;23;28;1864;1;0;0.4;N/A;0.0;N/A;N/A;0.0;0.0
Hyan;BRA;Meio-Campista;Santos;20;2;18;0;0;0.0;N/A;0.0;N/A;N/A;0.0;0.0
Hyoran;BRA;Meio-Campista;Sport Recife;31;12;402;0;1;0.6;N/A;0.0;N/A;N/A;0.0;0.0
Iago;BRA;Defensor;Bahia;27;15;626;1;0;0.9;N/A;0.0;N/A;N/A;0.0;0.0
Iago;BRA;Defensor;Flamengo;19;1;90;0;0;0.0;N/A;0.0;N/A;N/A;0.0;0.0
Ignácio;BRA;Defensor;Fluminense;28;19;1147;0;0;0.2;N/A;0.0;N/A;N/A;0.0;0.0
Juan Ignacio Dinenno;ARG;Atacante;Cruzeiro;30;1;12;0;0;0.0;N/A;0.0;N/A;N/A;0.0;0.0
Juan Ignacio Dinenno;ARG;Atacante;São Paulo;30;7;262;1;0;1.0;N/A;0.0;N/A;N/A;0.0;0.0
Juan Ignacio Ramírez;URU;Atacante;Sport Recife;27;8;291;0;0;0.8;N/A;0.0;N/A;N/A;0.0;0.0
Isaac;BRA;Defensor;Atlético Mineiro;20;1;6;0;0;0.0;N/A;0.0;N/A;N/A;0.0;0.0
Isaque;BRA;Meio-Campista;Fluminense;17;1;22;0;0;0.0;N/A;0.0;N/A;N/A;0.0;0.0
Mateus Iseppe;BRA;Meio-Campista;Atlético Mineiro;18;1;3;0;0;0.0;N/A;0.0;N/A;N/A;0.0;0.0
Ismael;POR;Meio-Campista;Vitória;25;1;18;0;0;0.2;N/A;0.0;N/A;N/A;0.0;0.0
Zé Ivaldo;BRA;Defensor;Santos;27;21;1799;1;0;1.0;N/A;0.0;N/A;N/A;0.0;0.0
Ivan;BRA;Goleiro;Internacional;27;7;585;0;0;0.0;N/A;0.0;N/A;N/A;0.0;0.0
Leo Jacó;BRA;Atacante;Vasco da Gama;19;2;16;0;0;0.0;N/A;0.0;N/A;N/A;0.0;0.0
Jadson;BRA;Meio-Campista;Juventude;31;35;2831;0;2;1.0;N/A;0.0;N/A;N/A;0.0;0.0
Jair;BRA;Meio-Campista;Vasco da Gama;30;11;559;0;0;0.1;N/A;0.0;N/A;N/A;0.0;0.0
Jamerson;BRA;Defensor;Vitória;26;12;1026;0;2;0.4;N/A;0.0;N/A;N/A;0.0;0.0
Janderson;BRA;Atacante;Vitória;25;11;729;1;0;0.7;N/A;0.0;N/A;N/A;0.0;0.0
Jandrei;BRA;Goleiro;Juventude;31;19;1710;0;0;0.0;N/A;0.0;N/A;N/A;0.0;0.0
Jardiel;BRA;Atacante;Grêmio;19;5;41;0;0;0.3;N/A;0.0;N/A;N/A;0.0;0.0
Léo Jardim;BRA;Goleiro;Vasco da Gama;29;36;3235;0;0;0.0;Léo Jardim;7000000.0;Goleiro;10/12/2025;0.0;0.0
Jeffinho;BRA;Atacante;Botafogo (RJ);25;17;685;2;4;1.2;N/A;0.0;N/A;N/A;0.0;0.0
Jefinho;BRA;Meio-Campista;Sport Recife;18;1;23;0;0;0.2;N/A;0.0;N/A;N/A;0.0;0.0
Jefté;BRA;Defensor;Palmeiras;21;12;765;0;3;0.2;N/A;0.0;N/A;N/A;0.0;0.0
Jemerson;BRA;Defensor;Grêmio;32;9;770;1;0;0.9;N/A;0.0;N/A;N/A;0.0;0.0
Jemmes;BRA;Defensor;Mirassol;24;37;3273;2;0;2.2;N/A;0.0;N/A;N/A;0.0;0.0
Caíque de Jesus Gonçalves;BRA;Meio-Campista;Juventude;29;28;2049;0;1;0.2;N/A;0.0;N/A;N/A;0.0;0.0
Igor Jesus;BRA;Atacante;Botafogo (RJ);23;10;875;3;1;2.6;N/A;0.0;N/A;N/A;0.0;0.0
Maykon Jesus;BRA;Defensor;Vitória;19;9;766;0;0;0.1;N/A;0.0;N/A;N/A;0.0;0.0
Jhon Jhon;BRA;Meio-Campista;RB Bragantino;22;34;2844;10;7;6.9;Jhon Jhon;11000000.0;Meia Ofensivo;10/12/2025;1100000.0;21.73
John;BRA;Goleiro;Botafogo (RJ);28;17;1530;0;0;0.0;N/A;0.0;N/A;N/A;0.0;0.0
Felipe Jonatan;BRA;Defensor;Mirassol;26;7;440;0;1;0.2;N/A;0.0;N/A;N/A;0.0;0.0
Jonathan;BRA;Defensor;Cruzeiro;20;13;798;0;1;0.0;N/A;0.0;N/A;N/A;0.0;0.0
Kaio Jorge;BRA;Atacante;Cruzeiro;23;33;2588;21;8;17.5;Kaio Jorge;22000000.0;Centroavante;10/12/2025;1047619.05;21.14
Jorginho;ITA;Meio-Campista;Flamengo;33;18;1357;3;1;2.9;Jorginho;5000000.0;Volante;10/12/2025;1666666.67;13.8
José;BRA;Defensor;Cruzeiro;19;1;1;0;0;0.0;N/A;0.0;N/A;N/A;0.0;0.0
Willian José;BRA;Atacante;Bahia;33;33;2115;11;6;10.6;N/A;0.0;N/A;N/A;0.0;0.0
Joshua;BRA;Meio-Campista;Flamengo;17;1;28;0;0;0.0;N/A;0.0;N/A;N/A;0.0;0.0
Luciano Juba;BRA;Defensor;Bahia;25;35;2877;6;4;2.7;Luciano Juba;11000000.0;Lateral Esq.;10/12/2025;1833333.33;11.55
Juninho;BRA;Defensor;Internacional;29;20;1505;0;0;1.1;N/A;0.0;N/A;N/A;0.0;0.0
Juninho;BRA;Atacante;Flamengo;28;15;378;1;0;2.5;N/A;0.0;N/A;N/A;0.0;0.0
Kauê Junior;BRA;Atacante;Bahia;15;1;4;0;0;0.1;N/A;0.0;N/A;N/A;0.0;0.0
Robinho Junior;BRA;Atacante;Santos;17;15;352;0;1;1.0;Robinho Junior;5000000.0;Ponta Esquerda;10/12/2025;0.0;4.0
Wanderson Junior;BRA;Defensor;Flamengo;17;1;22;0;0;0.0;N/A;0.0;N/A;N/A;0.0;0.0
José Kadir;PAN;Atacante;Botafogo (RJ);17;6;174;2;0;0.6;N/A;0.0;N/A;N/A;0.0;0.0
Kaiki;BRA;Defensor;Cruzeiro;21;34;2993;1;5;3.4;Kaiki;10000000.0;Lateral Esq.;10/12/2025;10000000.0;9.4
Lucas Kal;BRA;Meio-Campista;Sport Recife;28;13;861;0;0;0.1;N/A;0.0;N/A;N/A;0.0;0.0
Walter Kannemann;ARG;Defensor;Grêmio;33;20;1723;0;0;0.4;N/A;0.0;N/A;N/A;0.0;0.0
Kanu;BRA;Defensor;Bahia;27;7;513;0;0;0.1;N/A;0.0;N/A;N/A;0.0;0.0
Kauê;BRA;Goleiro;Corinthians;20;1;90;0;0;0.0;N/A;0.0;N/A;N/A;0.0;0.0
Kayke;BRA;Atacante;Fortaleza;18;2;31;0;0;0.2;Kayky;6000000.0;Ponta Direita;10/12/2025;0.0;0.33
Kayke;BRA;Atacante;Corinthians;20;8;358;0;1;0.4;Kayky;6000000.0;Ponta Direita;10/12/2025;0.0;2.33
Renato Kayser;BRA;Atacante;Vitória;28;30;2083;9;0;8.2;N/A;0.0;N/A;N/A;0.0;0.0
Kenji;BRA;Atacante;Cruzeiro;19;3;39;0;0;0.1;N/A;0.0;N/A;N/A;0.0;0.0
John Kennedy;BRA;Atacante;Fluminense;22;17;626;2;1;2.2;John Kennedy;6000000.0;Centroavante;10/12/2025;3000000.0;8.67
Keno;BRA;Atacante;Fluminense;35;18;509;1;2;1.3;N/A;0.0;N/A;N/A;0.0;0.0
Kevyson;BRA;Defensor;Santos;20;1;16;0;0;0.0;N/A;0.0;N/A;N/A;0.0;0.0
Kevyson;BRA;Defensor;Sport Recife;20;9;268;0;0;0.0;N/A;0.0;N/A;N/A;0.0;0.0
Khellven;BRA;Defensor;Palmeiras;23;13;975;0;2;0.1;Khellven;6000000.0;Lateral Dir.;10/12/2025;0.0;3.5
Gabriel Knesowitsch;BRA;Defensor;Mirassol;21;4;360;0;0;0.5;N/A;0.0;N/A;N/A;0.0;0.0
Benjamín Kuscevic;CHI;Defensor;Fortaleza;28;20;1707;1;0;1.3;N/A;0.0;N/A;N/A;0.0;0.0
Derik Lacerda;BRA;Atacante;Sport Recife;25;17;1446;6;0;7.3;N/A;0.0;N/A;N/A;0.0;0.0
Ignacio Laquintana;URU;Atacante;RB Bragantino;25;23;1017;4;3;1.6;N/A;0.0;N/A;N/A;0.0;0.0
Larson;BRA;Meio-Campista;Palmeiras;19;2;73;0;0;0.0;N/A;0.0;N/A;N/A;0.0;0.0
Joaquín Lavega;URU;Atacante;Fluminense;19;2;67;0;0;0.1;N/A;0.0;N/A;N/A;0.0;0.0
Leandrinho;BRA;Defensor;Vasco da Gama;19;2;57;0;0;0.0;N/A;0.0;N/A;N/A;0.0;0.0
Helton Leite;BRA;Goleiro;Fortaleza;34;4;360;0;0;0.0;N/A;0.0;N/A;N/A;0.0;0.0
Lelê;BRA;Atacante;Ceará;27;7;110;0;0;0.7;N/A;0.0;N/A;N/A;0.0;0.0
Mauricio Lemos;URU;Defensor;Vasco da Gama;29;4;243;0;0;0.0;N/A;0.0;N/A;N/A;0.0;0.0
Rubén Lezcano;PAR;Meio-Campista;Fluminense;20;4;57;0;0;0.1;N/A;0.0;N/A;N/A;0.0;0.0
Lima;BRA;Meio-Campista;Fluminense;28;28;1094;2;1;2.5;N/A;0.0;N/A;N/A;0.0;0.0
Lucas Lima;BRA;Meio-Campista;Ceará;24;11;127;0;0;0.1;N/A;0.0;N/A;N/A;0.0;0.0
Lucas Lima;BRA;Meio-Campista;Sport Recife;34;33;2550;3;7;2.7;N/A;0.0;N/A;N/A;0.0;0.0
Leonardo Linck;BRA;Goleiro;Botafogo (RJ);23;17;1486;0;0;0.0;N/A;0.0;N/A;N/A;0.0;0.0
Kauan Lindes;BRA;Meio-Campista;Botafogo (RJ);21;1;31;0;0;0.0;N/A;0.0;N/A;N/A;0.0;0.0
Samuel Lino;BRA;Atacante;Flamengo;25;21;1394;4;5;3.8;Samuel Lino;20000000.0;Ponta Esquerda;10/12/2025;5000000.0;6.4
Lenny Lobato;BRA;Atacante;Sport Recife;23;7;244;0;0;0.4;N/A;0.0;N/A;N/A;0.0;0.0
David Loiola;BRA;Defensor;Botafogo (RJ);22;22;1830;1;1;1.0;N/A;0.0;N/A;N/A;0.0;0.0
Marcelo Lomba;BRA;Goleiro;Palmeiras;38;3;270;0;0;0.0;N/A;0.0;N/A;N/A;0.0;0.0
Felipe Longo;BRA;Goleiro;Corinthians;19;6;540;0;0;0.0;N/A;0.0;N/A;N/A;0.0;0.0
Renzo López;URU;Atacante;Vitória;30;23;651;1;0;2.5;N/A;0.0;N/A;N/A;0.0;0.0
Lourenço;BRA;Meio-Campista;Ceará;27;33;1386;2;1;1.9;N/A;0.0;N/A;N/A;0.0;0.0
Lucão;BRA;Goleiro;RB Bragantino;23;4;360;0;0;0.0;N/A;0.0;N/A;N/A;0.0;0.0
Ayrton Lucas;BRA;Defensor;Flamengo;27;18;1231;2;0;1.4;Ayrton Lucas;5000000.0;Lateral Esq.;10/12/2025;2500000.0;6.8
Jean Lucas;BRA;Meio-Campista;Bahia;26;34;2674;3;1;3.9;Jean Lucas;12000000.0;Meia Central;10/12/2025;4000000.0;6.58
João Lucas;BRA;Defensor;Grêmio;26;10;506;0;0;0.1;N/A;0.0;N/A;N/A;0.0;0.0
Zé Lucas;BRA;Meio-Campista;Sport Recife;16;24;1596;0;0;1.1;N/A;0.0;N/A;N/A;0.0;0.0
Luciano;BRA;Atacante;São Paulo;31;32;2105;9;4;10.9;N/A;0.0;N/A;N/A;0.0;0.0
Lucio;BRA;Meio-Campista;Flamengo;17;1;68;0;0;0.0;N/A;0.0;N/A;N/A;0.0;0.0
Luighi;BRA;Atacante;Palmeiras;18;11;339;1;0;2.2;N/A;0.0;N/A;N/A;0.0;0.0
Victor Luis;BRA;Defensor;Vasco da Gama;31;7;273;0;0;0.1;N/A;0.0;N/A;N/A;0.0;0.0
Luisão;BRA;Defensor;Santos;21;6;438;0;0;0.1;N/A;0.0;N/A;N/A;0.0;0.0
David Luiz;BRA;Defensor;Fortaleza;37;7;399;0;0;0.2;N/A;0.0;N/A;N/A;0.0;0.0
Guilherme Luiz;BRA;Atacante;Ceará;19;7;148;0;1;0.2;N/A;0.0;N/A;N/A;0.0;0.0
Lyanco;BRA;Defensor;Atlético Mineiro;27;17;1410;0;0;0.6;N/A;0.0;N/A;N/A;0.0;0.0
Everton Maceió;BRA;Atacante;Mirassol;21;6;147;0;0;0.1;N/A;0.0;N/A;N/A;0.0;0.0
Willian Machado;BRA;Defensor;Ceará;28;36;3219;0;1;0.8;N/A;0.0;N/A;N/A;0.0;0.0
Talles Magno;BRA;Atacante;Corinthians;22;24;961;1;1;5.4;N/A;0.0;N/A;N/A;0.0;0.0
Magrão;BRA;Goleiro;Fortaleza;24;3;270;0;0;0.0;N/A;0.0;N/A;N/A;0.0;0.0
Gustavo Maia;BRA;Atacante;Sport Recife;24;1;17;0;0;0.0;N/A;0.0;N/A;N/A;0.0;0.0
Pablo Maia;BRA;Meio-Campista;São Paulo;23;25;1471;1;0;0.4;Pablo Maia;7000000.0;Volante;10/12/2025;7000000.0;2.0
Thiago Maia;BRA;Meio-Campista;Internacional;27;31;1980;2;1;1.5;N/A;0.0;N/A;N/A;0.0;0.0
Maik;BRA;Defensor;São Paulo;20;9;607;2;2;0.2;N/A;0.0;N/A;N/A;0.0;0.0
Léo Mana;BRA;Defensor;Corinthians;20;4;225;0;0;0.0;N/A;0.0;N/A;N/A;0.0;0.0
Gustavo Mancha;BRA;Defensor;Fortaleza;20;13;1029;0;0;0.2;N/A;0.0;N/A;N/A;0.0;0.0
Eros Mancuso;ARG;Defensor;Fortaleza;25;30;2377;1;3;2.1;N/A;0.0;N/A;N/A;0.0;0.0
Luis Mandaca;BRA;Meio-Campista;Juventude;23;32;2445;2;1;3.3;N/A;0.0;N/A;N/A;0.0;0.0
Manoel;BRA;Defensor;Fluminense;34;5;345;0;0;0.2;N/A;0.0;N/A;N/A;0.0;0.0
Elias Manoel;BRA;Meio-Campista;Botafogo (RJ);23;2;27;0;0;0.0;N/A;0.0;N/A;N/A;0.0;0.0
José Manuel López;ARG;Atacante;Palmeiras;24;33;1999;12;2;12.1;José Manuel López;20000000.0;Centroavante;10/12/2025;1666666.67;13.05
Fernando Marçal;BRA;Defensor;Botafogo (RJ);35;15;1009;5;0;1.3;N/A;0.0;N/A;N/A;0.0;0.0
Marcão;BRA;Goleiro;Juventude;32;6;495;0;0;0.0;N/A;0.0;N/A;N/A;0.0;0.0
João Marcelo;BRA;Defensor;Cruzeiro;24;4;226;0;0;0.0;N/A;0.0;N/A;N/A;0.0;0.0
João Marcelo;BRA;Atacante;Atlético Mineiro;19;7;68;1;1;0.6;N/A;0.0;N/A;N/A;0.0;0.0
Zé Marcos;BRA;Defensor;Vitória;26;28;2426;1;1;2.3;N/A;0.0;N/A;N/A;0.0;0.0
Marinho;BRA;Atacante;Fortaleza;34;17;710;1;2;2.4;N/A;0.0;N/A;N/A;0.0;0.0
Marlon;BRA;Defensor;Cruzeiro;27;1;6;0;0;0.0;N/A;0.0;N/A;N/A;0.0;0.0
Marlon;BRA;Meio-Campista;Juventude;20;1;8;0;0;0.0;N/A;0.0;N/A;N/A;0.0;0.0
Marlon;BRA;Defensor;Grêmio;27;31;2765;1;2;1.3;N/A;0.0;N/A;N/A;0.0;0.0
Gustavo Marques;BRA;Defensor;RB Bragantino;23;14;900;1;0;0.8;N/A;0.0;N/A;N/A;0.0;0.0
Igor Marques;BRA;Defensor;Juventude;26;19;1424;2;2;0.5;N/A;0.0;N/A;N/A;0.0;0.0
Lucca Marques;BRA;Defensor;São Paulo;17;8;318;0;0;0.1;N/A;0.0;N/A;N/A;0.0;0.0
Renato Marques;BRA;Atacante;Mirassol;21;7;261;1;0;1.2;N/A;0.0;N/A;N/A;0.0;0.0
Marquinhos;BRA;Atacante;Cruzeiro;21;17;384;0;0;0.5;N/A;0.0;N/A;N/A;0.0;0.0
Marquinhos;BRA;Meio-Campista;Botafogo (RJ);17;1;2;0;0;0.0;N/A;0.0;N/A;N/A;0.0;0.0
Juan Martín Lucero;ARG;Atacante;Fortaleza;33;27;1409;3;1;5.1;N/A;0.0;N/A;N/A;0.0;0.0
Martinelli;BRA;Meio-Campista;Fluminense;23;33;2721;3;2;2.3;Martinelli;14000000.0;Volante;10/12/2025;4666666.67;5.21
Alejandro Martínez;ARG;Atacante;Ceará;27;2;49;0;1;0.0;N/A;0.0;N/A;N/A;0.0;0.0
Emiliano Martínez;URU;Meio-Campista;Palmeiras;25;25;1516;1;0;0.8;Emiliano Martínez;9000000.0;Volante;10/12/2025;9000000.0;2.0
Adriano Martins;BRA;Defensor;Juventude;27;5;360;0;0;0.2;N/A;0.0;N/A;N/A;0.0;0.0
Andre Martins;BRA;Atacante;Grêmio;23;25;793;5;2;4.0;N/A;0.0;N/A;N/A;0.0;0.0
Matheus Martins;BRA;Atacante;Botafogo (RJ);21;15;654;1;0;1.5;Matheus Martins;6000000.0;Ponta Esquerda;10/12/2025;6000000.0;4.17
Gustavo Martins Santos;BRA;Defensor;Grêmio;22;19;1320;2;0;1.4;N/A;0.0;N/A;N/A;0.0;0.0
Gonzalo Mastriani;URU;Atacante;Botafogo (RJ);31;12;288;1;0;1.7;N/A;0.0;N/A;N/A;0.0;0.0
Matheusinho;BRA;Meio-Campista;Vitória;27;29;1768;4;1;4.9;Matheuzinho;6000000.0;Lateral Dir.;10/12/2025;1500000.0;16.5
Matheusinho;BRA;Atacante;Sport Recife;26;25;1653;2;2;2.7;Matheuzinho;6000000.0;Lateral Dir.;10/12/2025;3000000.0;11.17
Matheuzinho;BRA;Defensor;Corinthians;24;31;2632;2;3;1.2;Matheuzinho;6000000.0;Lateral Dir.;10/12/2025;3000000.0;10.33
Ricardo Mathias;BRA;Atacante;Internacional;18;22;809;5;1;4.9;N/A;0.0;N/A;N/A;0.0;0.0
Guillermo Matías Fernández;ARG;Meio-Campista;Fortaleza;33;7;286;0;2;0.4;N/A;0.0;N/A;N/A;0.0;0.0
Mauricio;BRA;Meio-Campista;Palmeiras;23;29;1598;3;7;4.1;Mauricio;12000000.0;Meia Ofensivo;10/12/2025;4000000.0;11.75
Maycon;BRA;Meio-Campista;Corinthians;27;25;1491;3;0;1.5;N/A;0.0;N/A;N/A;0.0;0.0
Mayke;BRA;Defensor;Santos;32;12;821;0;0;0.1;N/A;0.0;N/A;N/A;0.0;0.0
Mayke;BRA;Defensor;Palmeiras;32;3;211;0;0;0.1;N/A;0.0;N/A;N/A;0.0;0.0
Luca Meirelles;BRA;Atacante;Santos;17;7;89;0;0;0.2;N/A;0.0;N/A;N/A;0.0;0.0
Arthur Melo;BRA;Meio-Campista;Grêmio;28;13;1082;0;0;0.7;N/A;0.0;N/A;N/A;0.0;0.0
Memphis;NED;Atacante;Corinthians;30;23;1544;6;3;6.5;N/A;0.0;N/A;N/A;0.0;0.0
Nathan Mendes;BRA;Defensor;RB Bragantino;22;19;1158;0;1;0.1;N/A;0.0;N/A;N/A;0.0;0.0
Thiago Mendes;BRA;Meio-Campista;Vasco da Gama;32;8;300;0;0;0.0;N/A;0.0;N/A;N/A;0.0;0.0
Vinicius Mendonça;BRA;Atacante;RB Bragantino;20;23;1039;0;3;0.9;N/A;0.0;N/A;N/A;0.0;0.0
Jean Meneses;CHI;Atacante;Vasco da Gama;31;1;1;0;0;0.0;N/A;0.0;N/A;N/A;0.0;0.0
Ramon Menezes Roma;BRA;Defensor;Sport Recife;29;23;1876;1;0;1.2;N/A;0.0;N/A;N/A;0.0;0.0
Gabriel Menino;BRA;Meio-Campista;Atlético Mineiro;24;23;889;1;1;0.9;Gabriel Menino;6000000.0;Meia Central;10/12/2025;6000000.0;4.83
Gabriel Mercado;ARG;Defensor;Internacional;37;14;1195;1;0;0.7;N/A;0.0;N/A;N/A;0.0;0.0
Micael;BRA;Defensor;Palmeiras;24;16;1295;0;1;0.3;N/A;0.0;N/A;N/A;0.0;0.0
Michael;BRA;Atacante;Flamengo;28;15;621;1;3;2.1;N/A;0.0;N/A;N/A;0.0;0.0
Carlos Miguel;BRA;Goleiro;Palmeiras;26;9;810;0;0;0.0;N/A;0.0;N/A;N/A;0.0;0.0
Fernando Miguel;BRA;Goleiro;Ceará;39;8;657;0;0;0.0;N/A;0.0;N/A;N/A;0.0;0.0
Moises;BRA;Atacante;Fortaleza;28;12;385;0;1;0.9;N/A;0.0;N/A;N/A;0.0;0.0
Miguel Monsalve;COL;Atacante;Grêmio;20;9;297;0;1;0.2;N/A;0.0;N/A;N/A;0.0;0.0
Álvaro Montoro;ARG;Atacante;Botafogo (RJ);17;16;936;3;3;2.2;Álvaro Montoro;10000000.0;Meia Ofensivo;10/12/2025;3333333.33;8.2
Kauã Moraes;BRA;Defensor;Cruzeiro;18;5;197;0;0;0.0;Kauã Prates;6000000.0;Lateral Esq.;10/12/2025;0.0;0.0
Aníbal Moreno;ARG;Meio-Campista;Palmeiras;25;28;1805;0;1;0.6;N/A;0.0;N/A;N/A;0.0;0.0
Santiago Moreno;COL;Atacante;Fluminense;24;5;154;0;0;0.0;N/A;0.0;N/A;N/A;0.0;0.0
Henry Mosquera;COL;Atacante;RB Bragantino;23;17;771;0;0;1.3;N/A;0.0;N/A;N/A;0.0;0.0
Gustavo Mosquito;BRA;Atacante;Vitória;27;10;480;0;2;0.4;N/A;0.0;N/A;N/A;0.0;0.0
Hugo Moura;BRA;Meio-Campista;Vasco da Gama;27;33;2411;0;1;0.6;Hugo Souza;10000000.0;Goleiro;10/12/2025;0.0;1.6
Lucas Moura;BRA;Atacante;São Paulo;32;11;451;2;0;1.5;N/A;0.0;N/A;N/A;0.0;0.0
Neto Moura;BRA;Meio-Campista;Mirassol;28;34;2428;1;0;0.3;N/A;0.0;N/A;N/A;0.0;0.0
Lucas Mugni;ARG;Meio-Campista;Ceará;33;33;1714;2;6;2.0;N/A;0.0;N/A;N/A;0.0;0.0
Alex Muralha;BRA;Goleiro;Mirassol;35;7;630;0;0;0.0;N/A;0.0;N/A;N/A;0.0;0.0
Bruno Nascimento;BRA;Atacante;Palmeiras;27;10;341;2;0;0.8;N/A;0.0;N/A;N/A;0.0;0.0
Nata;BRA;Defensor;Juventude;23;2;94;0;0;0.0;N/A;0.0;N/A;N/A;0.0;0.0
Natanael;BRA;Defensor;Atlético Mineiro;23;34;2142;1;0;0.6;Natanael;6000000.0;Lateral Dir.;10/12/2025;6000000.0;2.67
Nathan;BRA;Defensor;Internacional;23;1;90;0;0;0.1;N/A;0.0;N/A;N/A;0.0;0.0
Nathan;BRA;Meio-Campista;Grêmio;28;2;90;0;0;0.1;N/A;0.0;N/A;N/A;0.0;0.0
Kaiky Naves;BRA;Defensor;Palmeiras;22;1;19;0;0;0.0;N/A;0.0;N/A;N/A;0.0;0.0
Gui Negão;BRA;Atacante;Corinthians;17;22;945;3;1;2.6;Gui Negão;8000000.0;Centroavante;10/12/2025;2666666.67;8.25
Felipe Negrucci;BRA;Defensor;São Paulo;20;5;226;0;0;0.0;N/A;0.0;N/A;N/A;0.0;0.0
Negueba;BRA;Atacante;Mirassol;25;33;2157;7;3;4.1;N/A;0.0;N/A;N/A;0.0;0.0
Edison Negueba;BRA;Atacante;Juventude;24;5;107;1;0;1.0;N/A;0.0;N/A;N/A;0.0;0.0
Nenê;BRA;Atacante;Juventude;43;25;1009;3;4;3.3;N/A;0.0;N/A;N/A;0.0;0.0
Neris;BRA;Defensor;Vitória;32;10;534;0;0;0.3;N/A;0.0;N/A;N/A;0.0;0.0
Rodrigo Nestor;BRA;Meio-Campista;Bahia;24;22;875;5;0;1.2;Rodrigo Nestor;7000000.0;Meia Central;10/12/2025;1400000.0;8.86
Neto;BRA;Goleiro;Botafogo (RJ);35;3;224;0;0;0.0;N/A;0.0;N/A;N/A;0.0;0.0
José Vitor Silva Neves;BRA;Atacante;Mirassol;24;2;25;0;0;0.0;N/A;0.0;N/A;N/A;0.0;0.0
Newton;BRA;Meio-Campista;Botafogo (RJ);24;25;1494;1;0;0.5;N/A;0.0;N/A;N/A;0.0;0.0
Neymar;BRA;Atacante;Santos;32;20;1528;8;1;8.6;Neymar;10000000.0;Meia Ofensivo;10/12/2025;1250000.0;17.6
Nicolas;BRA;Defensor;Ceará;27;13;593;0;0;0.1;N/A;0.0;N/A;N/A;0.0;0.0
Nicolas;BRA;Defensor;São Paulo;17;1;45;0;0;0.0;N/A;0.0;N/A;N/A;0.0;0.0
Saúl Ñíguez;ESP;Meio-Campista;Flamengo;30;16;1156;0;2;1.3;N/A;0.0;N/A;N/A;0.0;0.0
Nonato;BRA;Meio-Campista;Fluminense;26;20;914;2;1;0.7;N/A;0.0;N/A;N/A;0.0;0.0
Erick Noriega;PER;Defensor;Grêmio;23;14;1184;0;0;0.4;N/A;0.0;N/A;N/A;0.0;0.0
Lucas Oliveira;BRA;Defensor;Vasco da Gama;28;8;259;0;0;0.0;N/A;0.0;N/A;N/A;0.0;0.0
Sérgio Oliveira;POR;Meio-Campista;Sport Recife;32;19;997;1;1;1.1;N/A;0.0;N/A;N/A;0.0;0.0
Cauly Oliveira Souza;BRA;Atacante;Bahia;29;29;910;1;3;2.7;N/A;0.0;N/A;N/A;0.0;0.0
Cristian Olivera;URU;Atacante;Grêmio;22;22;1285;2;0;2.5;N/A;0.0;N/A;N/A;0.0;0.0
Christian Ortiz;ARG;Meio-Campista;Sport Recife;32;6;178;0;0;0.2;N/A;0.0;N/A;N/A;0.0;0.0
Leo Ortiz;BRA;Defensor;Flamengo;29;26;2203;1;2;1.4;Léo Ortiz;15000000.0;Zagueiro;10/12/2025;15000000.0;2.93
Oscar;BRA;Atacante;São Paulo;33;6;345;0;0;0.6;N/A;0.0;N/A;N/A;0.0;0.0
Osvaldo;BRA;Atacante;Vitória;37;27;996;0;2;1.3;N/A;0.0;N/A;N/A;0.0;0.0
Otávio;BRA;Meio-Campista;Fluminense;30;6;217;0;0;0.0;N/A;0.0;N/A;N/A;0.0;0.0
Luis Otávio;BRA;Meio-Campista;Internacional;17;20;770;0;0;0.4;N/A;0.0;N/A;N/A;0.0;0.0
Luiz Otávio;BRA;Defensor;Mirassol;32;5;165;0;0;0.0;N/A;0.0;N/A;N/A;0.0;0.0
João Othavio Basso;BRA;Defensor;Santos;28;6;518;1;0;0.2;N/A;0.0;N/A;N/A;0.0;0.0
Pablo;BRA;Defensor;Internacional;18;1;20;0;0;0.0;N/A;0.0;N/A;N/A;0.0;0.0
Pablo;BRA;Atacante;Sport Recife;32;21;1055;3;1;2.3;N/A;0.0;N/A;N/A;0.0;0.0
Ruan Pablo;BRA;Atacante;Bahia;16;5;51;0;0;0.4;Ruan Pablo;5000000.0;Ponta Esquerda;10/12/2025;0.0;0.8
Bruno Pacheco;BRA;Defensor;Fortaleza;33;15;1261;1;1;0.2;N/A;0.0;N/A;N/A;0.0;0.0
Luis Pacheco;BRA;Meio-Campista;Palmeiras;16;2;18;0;0;0.0;N/A;0.0;N/A;N/A;0.0;0.0
Gonçalo Paciência;POR;Atacante;Sport Recife;30;6;196;0;0;0.6;N/A;0.0;N/A;N/A;0.0;0.0
Brahian Palacios;COL;Meio-Campista;Atlético Mineiro;22;1;8;0;0;0.0;N/A;0.0;N/A;N/A;0.0;0.0
Sergio Palacios;COL;Defensor;RB Bragantino;19;2;71;0;0;0.0;N/A;0.0;N/A;N/A;0.0;0.0
Kaio Pantaleão;BRA;Defensor;Botafogo (RJ);29;11;933;0;0;0.6;N/A;0.0;N/A;N/A;0.0;0.0
Rayan Passaglia Lelis;BRA;Atacante;Cruzeiro;18;1;64;0;0;0.1;N/A;0.0;N/A;N/A;0.0;0.0
Alan Patrick;BRA;Meio-Campista;Internacional;33;30;2506;11;7;9.8;N/A;0.0;N/A;N/A;0.0;0.0
Patryck;BRA;Defensor;São Paulo;22;5;309;0;0;0.3;N/A;0.0;N/A;N/A;0.0;0.0
Patrick de Paula;BRA;Meio-Campista;Botafogo (RJ);25;6;284;0;0;0.1;N/A;0.0;N/A;N/A;0.0;0.0
Paulinho;BRA;Meio-Campista;Vasco da Gama;28;11;310;0;0;0.0;Paulinho;12000000.0;Ponta Esquerda;10/12/2025;0.0;0.0
Paulinho;BRA;Meio-Campista;Palmeiras;24;7;224;0;0;0.2;Paulinho;12000000.0;Ponta Esquerda;10/12/2025;0.0;0.17
Caio Paulista;BRA;Defensor;Atlético Mineiro;26;20;885;0;0;0.8;N/A;0.0;N/A;N/A;0.0;0.0
Marcos Paulo;BRA;Defensor;Juventude;22;19;1367;0;0;0.3;N/A;0.0;N/A;N/A;0.0;0.0
Cristian Pavón;ARG;Atacante;Grêmio;29;28;1373;0;7;1.3;N/A;0.0;N/A;N/A;0.0;0.0
Dimitri Payet;FRA;Meio-Campista;Vasco da Gama;37;4;191;0;2;0.1;N/A;0.0;N/A;N/A;0.0;0.0
Pedrinho;BRA;Meio-Campista;São Paulo;17;2;26;0;0;0.0;N/A;0.0;N/A;N/A;0.0;0.0
Pedro;BRA;Atacante;Flamengo;27;21;1047;12;6;8.6;Pedro;18000000.0;Centroavante;10/12/2025;1500000.0;14.78
João Pedro Chermont;BRA;Defensor;Santos;19;5;249;0;0;0.1;N/A;0.0;N/A;N/A;0.0;0.0
João Pedro;BRA;Defensor;Corinthians;21;16;1242;0;1;0.8;N/A;0.0;N/A;N/A;0.0;0.0
João Pedro;BRA;Defensor;Grêmio;28;7;454;0;0;0.1;N/A;0.0;N/A;N/A;0.0;0.0
João Pedro Pepê;BRA;Meio-Campista;Vitória;27;14;654;0;0;0.1;N/A;0.0;N/A;N/A;0.0;0.0
Peixoto;BRA;Meio-Campista;Juventude;27;13;733;1;0;0.6;N/A;0.0;N/A;N/A;0.0;0.0
Andreas Pereira;BRA;Meio-Campista;Palmeiras;29;15;1005;2;0;0.8;Andreas Pereira;15000000.0;Meia Ofensivo;10/12/2025;7500000.0;1.87
Léo Pereira;BRA;Defensor;Flamengo;29;34;2953;4;0;2.8;Léo Pereira;10000000.0;Zagueiro;10/12/2025;2500000.0;6.8
Matheus Pereira;BRA;Meio-Campista;Cruzeiro;28;34;2793;7;7;5.1;Matheus Pereira;14000000.0;Meia Ofensivo;10/12/2025;2000000.0;13.64
Luan Peres Petroni;BRA;Defensor;Santos;30;24;2051;0;0;0.3;N/A;0.0;N/A;N/A;0.0;0.0
Pernambuco;BRA;Atacante;Juventude;26;3;57;0;0;0.2;N/A;0.0;N/A;N/A;0.0;0.0
Petterson;BRA;Meio-Campista;Juventude;21;2;80;0;0;0.1;N/A;0.0;N/A;N/A;0.0;0.0
Pierre;BRA;Meio-Campista;Fortaleza;22;13;839;0;0;0.1;N/A;0.0;N/A;N/A;0.0;0.0
Yago Pikachu;BRA;Atacante;Fortaleza;32;31;1389;2;1;3.2;N/A;0.0;N/A;N/A;0.0;0.0
Joaquín Piquerez;URU;Defensor;Palmeiras;26;30;2456;3;1;3.2;Joaquín Piquerez;14000000.0;Lateral Esq.;10/12/2025;4666666.67;5.14
Rafael Pires;BRA;Goleiro;São Paulo;35;35;3150;0;0;0.0;N/A;0.0;N/A;N/A;0.0;0.0
Lucas Piton;BRA;Defensor;Vasco da Gama;24;30;2545;1;7;0.7;Lucas Piton;7000000.0;Lateral Esq.;10/12/2025;7000000.0;12.43
Isidro Pitta;PAR;Atacante;RB Bragantino;25;24;1093;7;2;2.5;Isidro Pitta;7500000.0;Centroavante;10/12/2025;1071428.57;15.33
Diego Pituca;BRA;Meio-Campista;Santos;32;10;392;1;0;0.3;N/A;0.0;N/A;N/A;0.0;0.0
Gonzalo Plata;ECU;Atacante;Flamengo;24;28;1350;4;1;3.1;Gonzalo Plata;8000000.0;Ponta Direita;10/12/2025;2000000.0;10.12
Tomas Pochettino;ARG;Meio-Campista;Fortaleza;28;26;1537;3;4;2.2;N/A;0.0;N/A;N/A;0.0;0.0
Mateo Ponte;URU;Defensor;Botafogo (RJ);21;21;676;2;0;1.6;N/A;0.0;N/A;N/A;0.0;0.0
Gustavo Prado;BRA;Meio-Campista;Internacional;19;18;559;1;0;0.7;N/A;0.0;N/A;N/A;0.0;0.0
Kauã Prates;BRA;Defensor;Cruzeiro;16;8;341;0;0;0.0;Kauã Prates;6000000.0;Lateral Esq.;10/12/2025;0.0;0.0
Bruno Praxedes;BRA;Meio-Campista;RB Bragantino;22;15;400;0;0;0.6;N/A;0.0;N/A;N/A;0.0;0.0
Lucca Prior;BRA;Meio-Campista;Fortaleza;20;12;656;2;0;0.6;N/A;0.0;N/A;N/A;0.0;0.0
Erick Pulga;BRA;Atacante;Bahia;24;24;1687;3;3;6.0;Erick Pulga;11000000.0;Ponta Esquerda;10/12/2025;3666666.67;10.91
Erick Pulgar;CHI;Meio-Campista;Flamengo;31;17;1240;1;0;0.3;Erick Pulgar;5000000.0;Volante;10/12/2025;5000000.0;2.6
Du Queiroz;BRA;Meio-Campista;Sport Recife;25;11;615;0;0;0.5;N/A;0.0;N/A;N/A;0.0;0.0
Igor Rabello;BRA;Defensor;Atlético Mineiro;29;4;189;0;0;0.2;N/A;0.0;N/A;N/A;0.0;0.0
Igor Rabello;BRA;Defensor;Fluminense;29;4;144;0;0;0.0;N/A;0.0;N/A;N/A;0.0;0.0
Zé Rafael;BRA;Meio-Campista;Santos;31;27;1854;1;0;2.2;N/A;0.0;N/A;N/A;0.0;0.0
Rafinha;BRA;Defensor;Sport Recife;18;1;45;0;0;0.0;N/A;0.0;N/A;N/A;0.0;0.0
André Ramalho;BRA;Defensor;Corinthians;32;21;1780;0;0;0.6;N/A;0.0;N/A;N/A;0.0;0.0
Eric Ramires;BRA;Meio-Campista;RB Bragantino;24;31;1786;2;1;2.9;N/A;0.0;N/A;N/A;0.0;0.0
Ramon;BRA;Defensor;Vitória;23;18;1620;0;0;0.4;N/A;0.0;N/A;N/A;0.0;0.0
Ramon;BRA;Defensor;Internacional;23;5;329;0;0;0.1;N/A;0.0;N/A;N/A;0.0;0.0
Lucas Ramon;BRA;Defensor;Mirassol;30;31;2604;2;3;2.8;N/A;0.0;N/A;N/A;0.0;0.0
Chris Ramos;ESP;Atacante;Botafogo (RJ);28;13;718;4;0;3.6;N/A;0.0;N/A;N/A;0.0;0.0
Santi Ramos Mingo;ARG;Defensor;Bahia;23;33;2926;0;0;1.6;Santiago Ramos Mingo;11000000.0;Zagueiro;10/12/2025;0.0;1.45
Rafael Ramos;POR;Defensor;Ceará;30;20;904;0;0;0.1;N/A;0.0;N/A;N/A;0.0;0.0
Raniele;BRA;Meio-Campista;Corinthians;28;30;2013;2;1;2.1;N/A;0.0;N/A;N/A;0.0;0.0
Wellington Rato;BRA;Atacante;Vitória;32;5;212;1;0;0.2;N/A;0.0;N/A;N/A;0.0;0.0
Pedro Raul;BRA;Atacante;Ceará;28;34;2896;11;1;11.6;N/A;0.0;N/A;N/A;0.0;0.0
Raykkonen;BRA;Atacante;Internacional;16;7;124;0;0;0.1;N/A;0.0;N/A;N/A;0.0;0.0
Reginaldo;BRA;Defensor;Juventude;31;18;1170;0;2;0.1;N/A;0.0;N/A;N/A;0.0;0.0
Reinaldo;BRA;Defensor;Mirassol;35;34;2892;13;6;8.4;N/A;0.0;N/A;N/A;0.0;0.0
Reinier;BRA;Meio-Campista;Atlético Mineiro;23;13;333;0;0;0.6;N/A;0.0;N/A;N/A;0.0;0.0
Robert Renan;BRA;Defensor;Vasco da Gama;21;15;1287;0;0;0.4;Robert Renan;9000000.0;Zagueiro;10/12/2025;0.0;0.44
Cristian Renato;BRA;Atacante;Mirassol;24;32;1351;5;3;5.4;N/A;0.0;N/A;N/A;0.0;0.0
Renê;BRA;Defensor;Fluminense;32;28;2362;2;0;0.6;N/A;0.0;N/A;N/A;0.0;0.0
Rezende;BRA;Meio-Campista;Bahia;30;11;580;0;0;0.0;N/A;0.0;N/A;N/A;0.0;0.0
Murilo Rhikman;BRA;Meio-Campista;Cruzeiro;18;2;8;0;0;0.0;N/A;0.0;N/A;N/A;0.0;0.0
Everton Ribeiro;BRA;Meio-Campista;Bahia;35;31;1925;2;4;2.4;N/A;0.0;N/A;N/A;0.0;0.0
Ricardo;BRA;Meio-Campista;Vitória;30;20;882;0;0;1.0;N/A;0.0;N/A;N/A;0.0;0.0
João Ricardo Riedi;BRA;Goleiro;Fortaleza;36;14;1260;0;0;0.0;N/A;0.0;N/A;N/A;0.0;0.0
Richard;BRA;Meio-Campista;Internacional;30;7;275;0;0;0.0;N/A;0.0;N/A;N/A;0.0;0.0
Richardson;BRA;Meio-Campista;Ceará;33;16;790;0;0;0.1;N/A;0.0;N/A;N/A;0.0;0.0
Charles Rigon Matos;BRA;Meio-Campista;Corinthians;28;17;571;1;0;0.6;N/A;0.0;N/A;N/A;0.0;0.0
Emiliano Rigoni;ARG;Atacante;São Paulo;31;10;294;1;0;1.2;N/A;0.0;N/A;N/A;0.0;0.0
Tomás Rincón;VEN;Meio-Campista;Santos;37;17;922;0;0;0.4;N/A;0.0;N/A;N/A;0.0;0.0
Richard Ríos;COL;Meio-Campista;Palmeiras;24;10;733;0;2;0.6;N/A;0.0;N/A;N/A;0.0;0.0
Riquelme;BRA;Atacante;Fluminense;17;6;99;0;0;0.1;Riquelme;6000000.0;Ponta Direita;10/12/2025;0.0;0.17
Riquelme;BRA;Defensor;Sport Recife;18;2;23;0;0;0.0;Riquelme;6000000.0;Ponta Direita;10/12/2025;0.0;0.0
Christian Rivera;COL;Meio-Campista;Sport Recife;29;33;2729;0;0;0.3;N/A;0.0;N/A;N/A;0.0;0.0
Pablo Roberto;BRA;Meio-Campista;Fortaleza;25;5;116;0;0;0.0;N/A;0.0;N/A;N/A;0.0;0.0
Paulo Roberto;BRA;Defensor;Vitória;19;2;96;0;0;0.0;N/A;0.0;N/A;N/A;0.0;0.0
Marcos Rocha;BRA;Defensor;Palmeiras;36;1;90;0;0;0.1;N/A;0.0;N/A;N/A;0.0;0.0
Marcos Rocha;BRA;Defensor;Grêmio;36;12;959;0;0;0.2;N/A;0.0;N/A;N/A;0.0;0.0
Sergio Rochet;URU;Goleiro;Internacional;31;15;1305;0;0;0.0;N/A;0.0;N/A;N/A;0.0;0.0
Rodrigo;BRA;Meio-Campista;São Paulo;20;18;724;0;0;1.2;N/A;0.0;N/A;N/A;0.0;0.0
Alisson Rodrigues;BRA;Meio-Campista;Internacional;16;1;26;0;0;0.0;N/A;0.0;N/A;N/A;0.0;0.0
Ruben Rodrigues;POR;Meio-Campista;Vitória;28;4;26;0;0;0.1;N/A;0.0;N/A;N/A;0.0;0.0
Alan Rodríguez;URU;Meio-Campista;Internacional;25;15;943;0;1;0.6;N/A;0.0;N/A;N/A;0.0;0.0
Guzmán Rodríguez;URU;Defensor;RB Bragantino;24;23;2051;1;0;1.0;N/A;0.0;N/A;N/A;0.0;0.0
Luciano Rodríguez;URU;Atacante;Bahia;21;18;791;2;0;2.9;N/A;0.0;N/A;N/A;0.0;0.0
Santiago Rodríguez;URU;Atacante;Botafogo (RJ);25;26;1328;2;5;1.6;Santiago Rodríguez;5500000.0;Meia Ofensivo;10/12/2025;2750000.0;15.64
Rodriguinho;BRA;Atacante;Cruzeiro;21;1;15;0;0;0.0;Rodriguinho;6000000.0;Meia Ofensivo;10/12/2025;0.0;0.0
Rodriguinho;BRA;Atacante;Ceará;21;4;33;0;0;0.1;Rodriguinho;6000000.0;Meia Ofensivo;10/12/2025;0.0;0.17
Agustín Rogel;URU;Defensor;Internacional;27;5;450;0;0;0.1;N/A;0.0;N/A;N/A;0.0;0.0
Benjamín Rollheiser;ARG;Meio-Campista;Santos;24;36;2212;2;3;3.7;Benjamín Rollheiser;7000000.0;Ponta Direita;10/12/2025;3500000.0;12.43
Iván Román;CHI;Defensor;Atlético Mineiro;18;12;701;0;0;0.5;N/A;0.0;N/A;N/A;0.0;0.0
Romarinho;BRA;Meio-Campista;Vitória;34;5;124;0;0;0.3;N/A;0.0;N/A;N/A;0.0;0.0
Romarinho;BRA;Atacante;Sport Recife;30;26;912;2;0;1.1;N/A;0.0;N/A;N/A;0.0;0.0
Ángel Romero;PAR;Atacante;Corinthians;32;27;1068;0;1;3.1;N/A;0.0;N/A;N/A;0.0;0.0
Lucas Romero;ARG;Meio-Campista;Cruzeiro;30;33;2832;1;3;0.5;N/A;0.0;N/A;N/A;0.0;0.0
Óscar Romero;PAR;Meio-Campista;Internacional;32;17;505;0;1;0.3;N/A;0.0;N/A;N/A;0.0;0.0
Romulo;BRA;Meio-Campista;Ceará;23;9;133;0;0;0.2;N/A;0.0;N/A;N/A;0.0;0.0
Rômulo;BRA;Defensor;Atlético Mineiro;21;3;209;0;0;0.0;N/A;0.0;N/A;N/A;0.0;0.0
Ronald;BRA;Meio-Campista;Vitória;27;29;1871;0;2;0.4;N/A;0.0;N/A;N/A;0.0;0.0
Ronald;BRA;Defensor;Grêmio;21;6;233;0;0;0.0;N/A;0.0;N/A;N/A;0.0;0.0
Ronaldo;BRA;Goleiro;Bahia;28;28;2448;0;1;0.0;N/A;0.0;N/A;N/A;0.0;0.0
Ronaldo;BRA;Meio-Campista;Internacional;28;15;774;0;0;0.5;N/A;0.0;N/A;N/A;0.0;0.0
Budiga Roni;BRA;Meio-Campista;Mirassol;25;9;150;0;0;0.0;N/A;0.0;N/A;N/A;0.0;0.0
Rony;BRA;Atacante;Atlético Mineiro;29;35;2500;6;5;9.5;Rony;5000000.0;Centroavante;10/12/2025;833333.33;41.0
Vitor Roque;BRA;Atacante;Palmeiras;19;33;2117;16;3;12.9;Vitor Roque;35000000.0;Centroavante;10/12/2025;2187500.0;9.11
Diego Rosa;BRA;Meio-Campista;Internacional;22;7;199;0;0;0.0;N/A;0.0;N/A;N/A;0.0;0.0
Matheus Rossetto;BRA;Meio-Campista;Fortaleza;28;20;924;0;0;0.0;N/A;0.0;N/A;N/A;0.0;0.0
Agustín Rossi;ARG;Goleiro;Flamengo;29;37;3330;0;0;0.0;Agustín Rossi;10000000.0;Goleiro;10/12/2025;0.0;0.0
Ruan;BRA;Defensor;Atlético Mineiro;25;11;811;1;0;0.2;N/A;0.0;N/A;N/A;0.0;0.0
Ruan;BRA;Defensor;São Paulo;25;5;361;0;0;0.0;N/A;0.0;N/A;N/A;0.0;0.0
Rubens;BRA;Meio-Campista;Atlético Mineiro;23;13;1033;1;0;1.5;N/A;0.0;N/A;N/A;0.0;0.0
Alan Ruschel;BRA;Defensor;Juventude;35;21;1230;0;0;0.0;N/A;0.0;N/A;N/A;0.0;0.0
Rwan;BRA;Atacante;Botafogo (RJ);23;5;176;0;0;0.3;N/A;0.0;N/A;N/A;0.0;0.0
José Sabino;BRA;Defensor;São Paulo;28;30;2299;2;0;1.6;N/A;0.0;N/A;N/A;0.0;0.0
Daniel Sales;BRA;Defensor;Flamengo;18;1;68;0;0;0.1;N/A;0.0;N/A;N/A;0.0;0.0
Rodrigo Sam;BRA;Defensor;Juventude;29;18;1457;1;0;0.9;N/A;0.0;N/A;N/A;0.0;0.0
Mateo Sanabria;ARG;Atacante;Bahia;20;10;569;1;0;0.7;N/A;0.0;N/A;N/A;0.0;0.0
Alex Sandro;BRA;Defensor;Flamengo;34;20;1544;0;0;0.2;Alexsander;6000000.0;Volante;10/12/2025;0.0;0.33
Agustín Sant'Anna;URU;Defensor;RB Bragantino;27;11;523;0;0;0.7;N/A;0.0;N/A;N/A;0.0;0.0
Alex Santana;BRA;Meio-Campista;Corinthians;29;3;106;0;0;0.1;N/A;0.0;N/A;N/A;0.0;0.0
Alex Santana;BRA;Meio-Campista;Grêmio;29;8;389;0;0;0.7;N/A;0.0;N/A;N/A;0.0;0.0
Ademir Santos;BRA;Atacante;Bahia;29;30;1971;2;6;5.0;N/A;0.0;N/A;N/A;0.0;0.0
Eduardo Santos;BRA;Defensor;RB Bragantino;27;8;319;0;0;0.0;N/A;0.0;N/A;N/A;0.0;0.0
Júnior Santos;BRA;Atacante;Atlético Mineiro;30;16;361;2;0;2.1;N/A;0.0;N/A;N/A;0.0;0.0
Rodrigo Santos;BRA;Meio-Campista;Fortaleza;24;8;225;0;0;0.1;N/A;0.0;N/A;N/A;0.0;0.0
Renzo Saravia;ARG;Defensor;Atlético Mineiro;31;19;1065;0;0;0.2;N/A;0.0;N/A;N/A;0.0;0.0
Eduardo Sasha;BRA;Atacante;RB Bragantino;32;33;2246;8;3;9.9;N/A;0.0;N/A;N/A;0.0;0.0
Lucas Sasha;BRA;Meio-Campista;Fortaleza;34;31;2612;1;0;0.7;N/A;0.0;N/A;N/A;0.0;0.0
Jefferson Savarino;VEN;Meio-Campista;Botafogo (RJ);28;27;1917;4;3;4.2;Jefferson Savarino;9000000.0;Meia Ofensivo;10/12/2025;2250000.0;12.44
Kike Saverio;ESP;Meio-Campista;Vitória;25;2;33;0;0;0.0;N/A;0.0;N/A;N/A;0.0;0.0
Gustavo Scarpa;BRA;Meio-Campista;Atlético Mineiro;31;36;2302;1;3;2.2;Gustavo Scarpa;6000000.0;Meia Ofensivo;10/12/2025;6000000.0;10.33
João Scatolin;BRA;Atacante;Juventude;16;1;25;0;0;0.0;N/A;0.0;N/A;N/A;0.0;0.0
João Schmidt;BRA;Meio-Campista;Santos;31;31;2153;2;2;1.5;N/A;0.0;N/A;N/A;0.0;0.0
Davi Schuindt;BRA;Defensor;Fluminense;20;2;180;0;0;0.1;N/A;0.0;N/A;N/A;0.0;0.0
Cleiton Schwengber;BRA;Goleiro;RB Bragantino;27;34;3060;0;0;0.0;N/A;0.0;N/A;N/A;0.0;0.0
Paulo Sérgio;BRA;Defensor;São Paulo;19;3;26;0;0;0.0;N/A;0.0;N/A;N/A;0.0;0.0
Kevin Serna;COL;Atacante;Fluminense;27;33;2086;7;5;7.1;N/A;0.0;N/A;N/A;0.0;0.0
Igor Serrote;BRA;Defensor;Grêmio;19;7;512;0;0;0.1;N/A;0.0;N/A;N/A;0.0;0.0
Juan Sforza;ARG;Meio-Campista;Vasco da Gama;22;2;71;0;0;0.0;N/A;0.0;N/A;N/A;0.0;0.0
Juan Sforza;ARG;Meio-Campista;Juventude;22;8;272;0;0;0.1;N/A;0.0;N/A;N/A;0.0;0.0
Shaylon;BRA;Meio-Campista;Mirassol;27;13;439;0;0;1.0;N/A;0.0;N/A;N/A;0.0;0.0
Aderlan Silva;BRA;Defensor;Santos;34;2;87;0;0;0.0;N/A;0.0;N/A;N/A;0.0;0.0
Aderlan Silva;BRA;Defensor;Sport Recife;34;14;920;0;0;0.1;N/A;0.0;N/A;N/A;0.0;0.0
André Silva;BRA;Atacante;São Paulo;27;20;1357;5;2;4.5;N/A;0.0;N/A;N/A;0.0;0.0
João Silva;POR;Defensor;Sport Recife;26;14;990;0;0;0.2;N/A;0.0;N/A;N/A;0.0;0.0
Luan Silva;BRA;Meio-Campista;São Paulo;25;6;173;0;0;0.7;N/A;0.0;N/A;N/A;0.0;0.0
Lucas Silva;BRA;Meio-Campista;Cruzeiro;31;34;2751;2;2;0.9;N/A;0.0;N/A;N/A;0.0;0.0
Matheus Pereira da Silva;BRA;Meio-Campista;Fortaleza;26;19;1285;1;3;0.7;N/A;0.0;N/A;N/A;0.0;0.0
Patrick Silva;BRA;Meio-Campista;Atlético Mineiro;20;3;224;0;0;0.0;N/A;0.0;N/A;N/A;0.0;0.0
Thiago Silva;BRA;Defensor;Fluminense;40;25;2157;2;0;1.5;N/A;0.0;N/A;N/A;0.0;0.0
Vinicius Silvestre;BRA;Goleiro;Fortaleza;30;2;180;0;0;0.0;N/A;0.0;N/A;N/A;0.0;0.0
Luis Sinisterra;COL;Atacante;Cruzeiro;25;11;326;2;1;0.6;Luis Sinisterra;12000000.0;Ponta Esquerda;10/12/2025;6000000.0;3.0
Cédric Soares;POR;Defensor;São Paulo;33;25;1889;0;3;0.3;N/A;0.0;N/A;N/A;0.0;0.0
Everton Soares;BRA;Atacante;Flamengo;28;23;874;1;3;2.1;N/A;0.0;N/A;N/A;0.0;0.0
Tiquinho Soares;BRA;Atacante;Santos;34;27;1252;2;3;4.0;N/A;0.0;N/A;N/A;0.0;0.0
Fernando Sobral;BRA;Meio-Campista;Ceará;30;30;1504;1;0;0.4;N/A;0.0;N/A;N/A;0.0;0.0
Ramón Sosa;PAR;Atacante;Palmeiras;25;23;876;3;3;3.1;Ramón Sosa;11000000.0;Ponta Esquerda;10/12/2025;3666666.67;8.27
Yeferson Soteldo;VEN;Atacante;Santos;27;5;326;0;0;0.2;N/A;0.0;N/A;N/A;0.0;0.0
Yeferson Soteldo;VEN;Atacante;Fluminense;27;17;496;2;2;1.2;N/A;0.0;N/A;N/A;0.0;0.0
Souza;BRA;Defensor;Santos;18;24;1639;1;2;1.0;N/A;0.0;N/A;N/A;0.0;0.0
Fabiano Souza;BRA;Defensor;Ceará;24;34;2907;0;1;0.3;N/A;0.0;N/A;N/A;0.0;0.0
Gabriel Souza;BRA;Atacante;Vasco da Gama;20;12;136;2;0;0.8;N/A;0.0;N/A;N/A;0.0;0.0
Hugo Souza;BRA;Goleiro;Corinthians;26;26;2340;0;0;0.0;Hugo Souza;10000000.0;Goleiro;10/12/2025;0.0;0.0
Igor Vinícius de Souza;BRA;Defensor;São Paulo;27;3;164;0;0;0.2;N/A;0.0;N/A;N/A;0.0;0.0
Igor Vinícius de Souza;BRA;Defensor;Santos;27;20;1302;0;2;0.5;N/A;0.0;N/A;N/A;0.0;0.0
Raul Steffens;BRA;Goleiro;Botafogo (RJ);27;2;180;0;0;0.0;N/A;0.0;N/A;N/A;0.0;0.0
Everaldo Stum;BRA;Atacante;Fluminense;33;28;1352;2;0;4.1;N/A;0.0;N/A;N/A;0.0;0.0
Bruno Tabata;BRA;Atacante;Internacional;27;24;1073;3;0;3.1;N/A;0.0;N/A;N/A;0.0;0.0
Gabriel Taliari;BRA;Atacante;Juventude;27;34;2296;8;4;7.1;N/A;0.0;N/A;N/A;0.0;0.0
Gonzalo Tapia;CHI;Atacante;São Paulo;22;20;1117;5;0;4.7;N/A;0.0;N/A;N/A;0.0;0.0
Tchê Tchê;BRA;Meio-Campista;Vasco da Gama;32;29;2000;1;0;0.5;N/A;0.0;N/A;N/A;0.0;0.0
Alex Teixeira;BRA;Meio-Campista;Vasco da Gama;35;9;118;0;0;0.3;N/A;0.0;N/A;N/A;0.0;0.0
Alex Telles;BRA;Defensor;Botafogo (RJ);32;27;1690;5;4;3.9;N/A;0.0;N/A;N/A;0.0;0.0
Douglas Telles;BRA;Atacante;Flamengo;17;2;84;2;0;0.7;N/A;0.0;N/A;N/A;0.0;0.0
Thaciano;BRA;Atacante;Santos;29;19;614;3;0;1.8;N/A;0.0;N/A;N/A;0.0;0.0
Thalys;BRA;Meio-Campista;Palmeiras;19;2;88;0;0;0.0;N/A;0.0;N/A;N/A;0.0;0.0
Thiago;BRA;Goleiro;Vitória;25;9;785;0;0;0.0;N/A;0.0;N/A;N/A;0.0;0.0
Rafael Thyere;BRA;Defensor;Sport Recife;31;24;2106;1;0;1.2;N/A;0.0;N/A;N/A;0.0;0.0
Tiago;BRA;Atacante;Bahia;19;25;902;3;2;4.7;N/A;0.0;N/A;N/A;0.0;0.0
Guilherme Tinga;BRA;Defensor;Fortaleza;31;11;752;1;0;0.2;N/A;0.0;N/A;N/A;0.0;0.0
Titi;BRA;Defensor;Fortaleza;36;3;269;0;0;0.0;N/A;0.0;N/A;N/A;0.0;0.0
Kauan Toledo;BRA;Defensor;Botafogo (RJ);18;2;7;0;1;0.0;N/A;0.0;N/A;N/A;0.0;0.0
Rafael Tolói;ITA;Defensor;São Paulo;34;7;499;0;0;0.0;N/A;0.0;N/A;N/A;0.0;0.0
Félix Torres Caicedo;ECU;Defensor;Corinthians;28;10;647;0;0;0.2;N/A;0.0;N/A;N/A;0.0;0.0
Facundo Torres;URU;Atacante;Palmeiras;24;29;1665;6;3;4.1;Facundo Torres;13000000.0;Ponta Direita;10/12/2025;2166666.67;10.08
Bruno Tubarão;BRA;Atacante;Ceará;29;7;100;0;0;0.1;N/A;0.0;N/A;N/A;0.0;0.0
Enner Valencia;ECU;Atacante;Internacional;35;14;628;1;0;2.4;N/A;0.0;N/A;N/A;0.0;0.0
Vanderlan;BRA;Defensor;Palmeiras;22;3;198;0;0;0.0;N/A;0.0;N/A;N/A;0.0;0.0
Vanderlan;BRA;Defensor;RB Bragantino;22;14;1055;0;1;0.1;N/A;0.0;N/A;N/A;0.0;0.0
Guillermo Varela;URU;Defensor;Flamengo;31;20;1325;0;4;0.5;N/A;0.0;N/A;N/A;0.0;0.0
Pablo Vegetti;ARG;Atacante;Vasco da Gama;36;35;2335;14;1;12.7;N/A;0.0;N/A;N/A;0.0;0.0
Raphael Veiga;BRA;Meio-Campista;Palmeiras;29;25;1067;2;4;2.2;Raphael Veiga;10000000.0;Meia Ofensivo;10/12/2025;5000000.0;8.2
Fausto Vera;ARG;Meio-Campista;Atlético Mineiro;24;18;1127;1;0;0.6;N/A;0.0;N/A;N/A;0.0;0.0
Gabriel Veron;BRA;Atacante;Santos;22;6;122;0;0;0.2;N/A;0.0;N/A;N/A;0.0;0.0
Gabriel Veron;BRA;Atacante;Juventude;22;13;639;0;0;0.4;N/A;0.0;N/A;N/A;0.0;0.0
João Victor;BRA;Defensor;Mirassol;27;34;3059;2;1;2.4;N/A;0.0;N/A;N/A;0.0;0.0
João Victor;BRA;Atacante;Ceará;20;1;6;0;0;0.0;N/A;0.0;N/A;N/A;0.0;0.0
João Victor;BRA;Defensor;Vasco da Gama;26;16;1435;1;0;1.6;N/A;0.0;N/A;N/A;0.0;0.0
João Victor;BRA;Defensor;Flamengo;18;4;194;0;0;0.0;N/A;0.0;N/A;N/A;0.0;0.0
Marcos Victor;BRA;Defensor;Ceará;23;15;1343;0;1;1.0;N/A;0.0;N/A;N/A;0.0;0.0
Lucas Vieira;BRA;Meio-Campista;Flamengo;17;1;22;0;0;0.0;N/A;0.0;N/A;N/A;0.0;0.0
Viery;BRA;Defensor;Grêmio;20;3;50;0;0;0.0;N/A;0.0;N/A;N/A;0.0;0.0
Lucas Villalba;ARG;Defensor;Cruzeiro;30;32;2864;1;0;1.8;N/A;0.0;N/A;N/A;0.0;0.0
Mathías Villasanti;PAR;Meio-Campista;Grêmio;28;16;1150;0;0;0.1;N/A;0.0;N/A;N/A;0.0;0.0
Matías Viña;URU;Defensor;Flamengo;27;8;281;0;0;0.0;N/A;0.0;N/A;N/A;0.0;0.0
Vinícius;BRA;Meio-Campista;Ceará;33;16;567;0;1;1.9;N/A;0.0;N/A;N/A;0.0;0.0
Alix Vinicius;BRA;Defensor;RB Bragantino;25;11;862;0;0;0.7;N/A;0.0;N/A;N/A;0.0;0.0
Carlos Vinícius;BRA;Atacante;Grêmio;29;14;942;12;1;6.5;N/A;0.0;N/A;N/A;0.0;0.0
Vitão;BRA;Defensor;Internacional;24;31;2719;0;2;1.0;Vitão;10000000.0;Zagueiro;10/12/2025;0.0;3.0
Vitinho;BRA;Atacante;Internacional;25;27;1679;5;1;4.6;Vitinho;8000000.0;Lateral Dir.;10/12/2025;1600000.0;13.25
Vitinho;BRA;Atacante;Corinthians;31;12;479;0;3;0.4;Vitinho;8000000.0;Lateral Dir.;10/12/2025;0.0;4.25
Vitinho;BRA;Defensor;Botafogo (RJ);25;36;2831;1;2;2.0;Vitinho;8000000.0;Lateral Dir.;10/12/2025;8000000.0;6.25
Rayan Vitor;BRA;Atacante;Vasco da Gama;18;34;2835;14;1;9.0;N/A;0.0;N/A;N/A;0.0;0.0
Tiago Volpi;BRA;Goleiro;Grêmio;34;32;2880;2;0;1.6;N/A;0.0;N/A;N/A;0.0;0.0
Wagner;BRA;Defensor;Grêmio;25;29;2369;0;2;1.9;N/A;0.0;N/A;N/A;0.0;0.0
Walace;BRA;Meio-Campista;Cruzeiro;29;17;384;0;0;0.0;N/A;0.0;N/A;N/A;0.0;0.0
Wallace;BRA;Atacante;Flamengo;19;17;443;1;2;1.9;N/A;0.0;N/A;N/A;0.0;0.0
Walter;BRA;Goleiro;Mirassol;37;31;2790;0;0;0.0;N/A;0.0;N/A;N/A;0.0;0.0
Wanderson;BRA;Atacante;Cruzeiro;30;27;1792;0;2;2.2;N/A;0.0;N/A;N/A;0.0;0.0
Deivid Washington;BRA;Atacante;Santos;19;17;557;1;0;1.3;N/A;0.0;N/A;N/A;0.0;0.0
José Welison;BRA;Meio-Campista;Fortaleza;29;9;437;0;0;0.2;N/A;0.0;N/A;N/A;0.0;0.0
João Wellington;BRA;Atacante;Cruzeiro;21;5;139;0;0;0.1;N/A;0.0;N/A;N/A;0.0;0.0
Wendell;BRA;Meio-Campista;Vitória;19;1;66;0;0;0.0;N/A;0.0;N/A;N/A;0.0;0.0
Wendell;BRA;Defensor;São Paulo;31;16;838;0;1;0.3;N/A;0.0;N/A;N/A;0.0;0.0
Wesley;BRA;Atacante;Internacional;25;18;1233;0;3;2.3;N/A;0.0;N/A;N/A;0.0;0.0
Wesley;BRA;Defensor;Flamengo;21;11;982;1;2;0.3;N/A;0.0;N/A;N/A;0.0;0.0
Weverson;BRA;Defensor;Fortaleza;24;4;219;0;0;0.1;Everton;7000000.0;Ponta Esquerda;10/12/2025;0.0;0.14
Wéverton;BRA;Goleiro;Palmeiras;37;26;2340;0;0;0.0;Everton;7000000.0;Ponta Esquerda;10/12/2025;0.0;0.0
William;BRA;Defensor;Cruzeiro;29;30;2281;0;6;0.7;N/A;0.0;N/A;N/A;0.0;0.0
Willian;BRA;Meio-Campista;Vitória;31;20;1411;1;0;1.0;N/A;0.0;N/A;N/A;0.0;0.0
Willian;BRA;Meio-Campista;Grêmio;36;6;308;1;2;0.8;N/A;0.0;N/A;N/A;0.0;0.0
Estêvão Willian;BRA;Meio-Campista;Palmeiras;17;11;831;0;3;1.2;N/A;0.0;N/A;N/A;0.0;0.0
Mateus Xavier;BRA;Atacante;Santos;17;3;39;0;0;0.0;N/A;0.0;N/A;N/A;0.0;0.0
Samuel Xavier;BRA;Defensor;Fluminense;34;29;2385;4;1;0.7;N/A;0.0;N/A;N/A;0.0;0.0
Yago;BRA;Meio-Campista;Mirassol;29;19;630;0;1;0.6;N/A;0.0;N/A;N/A;0.0;0.0
Yago;BRA;Meio-Campista;Internacional;17;2;73;0;0;0.0;N/A;0.0;N/A;N/A;0.0;0.0
Young;BRA;Goleiro;São Paulo;22;3;270;0;0;0.0;N/A;0.0;N/A;N/A;0.0;0.0
Vinícius Zanocelo;BRA;Meio-Campista;Ceará;24;15;1087;1;0;0.6;N/A;0.0;N/A;N/A;0.0;0.0
Lukas Zuccarello;BRA;Atacante;Vasco da Gama;18;2;24;0;0;0.0;N/A;0.0;N/A;N/A;0.0;0.0
